employeeid,jobsatisfaction,worklifebalance,environmentsatisfaction,attrition
1313919,4,1,2,No
1200302,2,3,3,No
1060315,3,3,4,Yes
1272912,3,3,4,No
1414939,2,3,1,No
1633361,4,2,4,No
1329390,1,2,3,No
1699288,3,3,4,No
1469740,3,3,4,No
1101291,3,2,3,No
1430504,2,3,1,No
1196281,3,3,4,No
1207951,3,2,1,No
1080660,4,3,2,No
1420391,3,3,3,Yes
1337254,1,3,2,No
1421335,2,2,1,No
1262683,4,2,4,No
1599218,4,3,1,No
1634788,4,3,4,No
1334559,3,2,1,No
1402945,1,3,3,No
1705718,2,3,1,No
1880078,4,3,3,No
1801346,1,3,2,No
1142160,3,2,3,No
1142062,1,3,2,Yes
1789756,2,3,3,No
1126009,4,3,1,No
1552176,1,2,2,No
1118605,4,3,3,No
1397325,4,4,4,No
1874834,3,3,4,No
1275746,4,4,4,No
1884939,4,2,2,Yes
1650304,3,2,4,No
1058169,3,3,1,Yes
1319183,4,3,4,No
1872551,1,4,2,No
1060693,1,3,3,No
1110390,4,3,3,No
1448895,1,3,4,No
1547220,3,2,1,Yes
1680993,3,3,4,No
1100187,4,3,3,No
1881631,3,3,2,No
1622068,3,3,2,No
1336903,2,3,2,No
1126243,4,3,1,No
1053707,4,3,4,No
1708688,3,3,1,Yes
1208582,3,2,3,Yes
1127416,1,2,2,No
1710090,1,3,3,No
1146606,4,2,3,Yes
1674685,4,3,1,No
1477077,1,2,2,No
1269275,1,3,3,No
1620694,4,2,4,No
1618486,3,4,1,No
1208054,4,3,1,No
1545352,4,3,4,No
1665908,3,2,2,No
1312106,1,2,1,No
1391215,3,3,3,No
1677994,3,3,4,No
1216003,2,3,2,No
1503437,1,3,2,No
1381585,1,2,2,No
1312369,3,2,4,Yes
1576355,3,2,1,No
1659485,2,3,3,No
1530200,2,3,3,No
1773482,2,3,2,No
1188108,4,3,2,No
1471418,4,3,3,No
1081842,1,3,3,No
1146021,1,4,4,No
1880248,3,4,1,No
1267807,2,3,2,No
1247348,4,2,4,No
1886039,3,3,2,No
1134060,4,3,1,No
1403326,4,3,2,No
1689558,2,3,1,No
1122798,4,2,4,No
1477348,1,3,3,No
1061371,4,3,4,No
1535342,4,3,3,No
1386780,4,3,3,No
1254775,2,2,3,No
1818921,4,1,3,No
1848882,2,2,3,No
1537412,1,2,3,No
1231380,3,3,2,No
1293078,3,1,1,No
1026798,3,2,1,No
1500402,3,4,2,No
1514098,3,2,4,No
1487216,2,4,2,No
1843825,1,3,3,Yes
1635251,1,3,4,No
1088304,4,3,4,Yes
1792856,3,3,1,No
1787161,4,4,3,No
1627796,4,3,3,No
1077558,2,2,1,No
1410589,3,3,3,Yes
1657986,4,3,4,No
1353326,4,3,2,No
1523794,1,2,1,No
1851151,3,3,1,Yes
1645988,4,3,4,No
1849283,3,3,2,No
1073480,2,3,3,No
1157113,4,3,3,No
1130224,1,3,3,No
1427732,4,3,2,No
1852975,4,3,1,No
1845017,4,4,3,No
1212660,3,2,1,No
1264790,2,4,3,No
1515486,2,3,2,Yes
1832980,3,3,1,No
1031688,3,2,2,Yes
1433172,2,2,3,No
1607390,4,2,4,No
1842764,3,2,4,Yes
1176986,4,3,3,No
1835832,1,2,3,No
1450885,3,3,2,No
1810635,4,3,3,No
1810242,3,3,2,Yes
1148129,3,3,3,No
1085450,3,3,3,No
1699939,2,3,2,No
1612623,4,3,1,Yes
1069811,3,4,4,No
1717795,3,3,1,No
1341925,4,1,3,No
1113668,1,4,1,Yes
1164932,4,2,3,No
1328110,3,3,4,No
1744823,3,2,1,No
1431031,4,4,4,No
1587864,1,3,4,No
1577226,4,3,2,No
1162762,1,2,4,No
1035340,1,3,3,No
1529493,2,3,2,No
1789511,2,3,2,No
1047751,2,3,3,No
1057195,3,1,2,No
1682385,2,1,2,No
1314990,4,3,2,No
1157784,3,3,4,No
1819484,3,3,2,No
1172011,2,2,2,No
1562685,4,2,3,No
1404919,3,3,3,No
1751538,4,3,3,No
1883822,2,1,4,No
1460812,4,1,3,No
1303708,4,1,3,No
1224013,3,2,3,Yes
1495862,2,3,3,No
1379450,3,3,1,No
1138977,4,3,2,No
1726077,4,4,1,No
1101855,3,3,3,No
1715001,2,2,3,No
1820041,1,4,3,Yes
1540435,2,2,4,No
1340085,1,3,3,No
1319352,1,4,3,No
1722423,1,3,3,No
1853558,4,4,3,No
1517594,4,2,2,Yes
1700841,1,3,2,No
1665761,4,3,3,No
1224843,4,3,3,No
1739412,2,3,4,No
1190255,2,2,2,Yes
1820323,3,2,3,No
1477195,1,3,4,No
1383313,2,3,4,No
1385477,3,3,4,No
1060337,2,3,3,No
1180048,3,2,4,No
1730525,2,3,4,No
1173311,3,3,3,No
1155351,2,2,4,No
1409777,3,3,2,Yes
1175384,4,4,4,No
1447981,4,3,1,No
1643490,1,2,2,No
1132287,2,3,2,No
1238447,3,3,3,No
1314186,3,3,4,No
1416095,4,1,4,No
1572943,1,3,3,No
1285655,4,3,4,No
1620253,3,4,4,No
1224749,4,4,3,No
1056367,1,3,2,Yes
1446715,4,2,2,No
1872375,2,2,4,No
1251693,4,3,2,No
1474327,4,1,4,No
1721417,1,3,4,No
1723897,4,2,4,No
1847119,3,3,3,No
1213142,3,3,4,No
1155192,2,1,2,No
1806025,1,3,4,Yes
1296063,4,3,4,No
1502689,1,2,3,Yes
1849547,3,2,3,No
1715116,4,3,4,No
1088447,1,3,4,No
1408349,2,4,4,No
1291194,2,3,3,No
1699240,4,3,2,No
1059303,3,2,1,No
1530760,3,3,3,No
1187985,4,3,3,No
1721312,4,3,1,No
1129392,4,3,2,No
1278690,3,4,3,No
1118323,4,2,3,Yes
1709918,4,2,3,No
1470356,4,3,3,No
1128374,3,2,2,No
1508741,4,2,4,No
1598911,4,1,3,Yes
1177110,4,3,4,No
1484656,1,4,1,Yes
1693414,3,4,1,No
1806233,2,3,3,No
1127107,3,1,4,Yes
1548210,3,3,3,No
1857248,4,3,3,No
1491722,1,2,3,No
1548175,4,3,1,No
1197716,4,3,3,No
1275604,3,3,2,No
1632856,4,2,3,No
1874724,1,3,4,No
1133458,1,2,3,No
1213490,3,3,1,No
1440072,3,3,1,No
1492815,3,3,3,No
1322829,4,3,3,No
1453272,1,3,4,No
1234458,4,3,4,No
1336242,3,3,1,No
1068917,1,3,4,No
1804073,3,3,1,No
1435995,4,2,3,No
1577501,2,4,3,No
1075035,2,1,2,No
1520532,4,3,4,No
1593179,1,3,4,No
1244300,2,2,3,No
1622255,3,1,1,Yes
1662066,2,3,1,No
1247928,4,3,2,No
1087213,1,3,2,No
1269016,4,3,3,No
1416436,4,3,4,No
1124764,1,3,4,No
1524494,2,2,1,Yes
1376531,4,2,4,No
1487080,4,4,3,No
1836214,3,4,4,No
1397780,4,3,1,No
1281199,2,2,2,No
1566712,1,3,1,No
1256655,2,1,3,No
1187620,2,2,1,No
1032001,3,2,3,No
1220520,3,3,2,No
1524207,4,2,2,No
1552398,4,3,2,No
1753629,1,3,1,No
1649314,4,3,4,No
1353021,3,1,4,Yes
1704408,4,3,4,No
1031524,2,3,1,Yes
1124932,4,3,4,No
1865139,1,3,3,No
1158764,2,3,3,No
1794901,2,2,4,No
1707521,4,3,4,Yes
1628660,4,2,2,No
1099592,2,4,3,No
1837825,3,3,3,No
1284393,2,2,3,No
1720804,4,3,3,No
1749725,2,3,4,No
1460737,2,3,4,No
1464566,3,3,4,Yes
1608953,1,3,2,No
1162080,4,2,2,No
1317347,4,2,3,No
1712914,2,3,2,No
1672940,3,2,4,No
1535275,2,3,1,No
1505031,3,3,4,No
1546688,4,3,3,No
1578970,1,3,1,No
1304896,1,3,1,No
1685562,4,1,3,No
1172739,2,3,4,No
1536502,1,3,3,No
1837585,4,3,3,No
1230043,3,3,3,No
1202360,2,2,3,No
1680149,2,2,3,No
1696143,2,3,3,No
1773686,3,3,4,No
1625490,4,3,4,No
1038656,4,2,1,No
1323864,4,2,1,Yes
1222187,4,3,4,No
1452875,3,3,3,No
1375684,4,3,3,No
1864653,3,2,4,Yes
1810061,4,2,2,No
1857574,3,3,4,No
1342581,3,4,3,No
1863408,2,3,3,No
1028630,3,2,4,No
1416430,1,2,3,No
1139398,4,3,4,No
1267133,4,2,2,No
1701544,1,2,2,Yes
1574346,4,3,2,No
1446564,3,3,4,No
1646930,2,3,2,No
1514947,4,2,4,No
1650545,4,3,3,No
1549614,4,2,3,No
1259109,2,3,4,No
1138615,2,3,3,No
1366078,4,2,3,No
1477474,2,3,4,No
1406287,3,3,2,No
1544429,4,3,1,No
1171206,3,2,4,No
1634652,3,3,3,No
1280175,2,3,3,No
1464473,3,1,1,No
1400436,1,3,3,No
1465814,3,4,4,Yes
1622008,3,3,3,No
1679401,4,3,1,No
1612768,2,3,1,Yes
1680323,4,3,4,No
1340908,4,3,1,No
1407209,3,3,4,No
1196631,3,3,4,No
1558158,4,2,1,No
1542984,3,3,4,Yes
1665531,1,3,3,No
1815564,3,4,3,No
1866571,2,3,1,No
1589819,4,3,4,No
1645744,3,3,3,No
1235953,2,3,3,Yes
1034442,2,3,3,Yes
1616596,4,3,4,No
1078791,2,3,3,No
1513965,2,3,4,No
1786169,4,3,2,No
1377506,3,3,2,No
1653415,4,2,3,No
1125672,3,3,4,No
1629676,4,2,1,Yes
1121223,4,3,3,No
1339400,3,4,4,No
1382648,2,3,3,No
1685681,1,3,3,No
1700683,2,3,1,No
1634874,3,3,2,No
1362644,4,3,3,Yes
1286933,1,2,4,No
1848633,2,3,4,No
1065198,1,3,2,No
1703984,2,2,3,No
1538992,2,3,1,No
1488170,3,3,2,No
1530826,1,2,1,No
1550660,3,3,3,No
1766543,1,1,2,No
1241240,4,3,4,No
1616188,3,3,3,No
1068776,4,3,2,No
1514615,3,3,2,No
1413436,1,3,4,No
1660433,3,3,2,No
1415736,1,2,3,No
1356712,3,3,2,No
1482423,1,3,2,No
1735186,1,3,3,No
1303791,1,3,1,Yes
1595705,3,3,4,No
1314827,4,2,1,No
1499671,4,1,4,No
1085614,3,3,1,No
1635763,4,3,3,No
1031735,1,1,1,No
1787984,3,2,3,No
1867121,4,4,4,No
1377208,2,3,1,Yes
1548908,3,2,4,No
1501749,4,3,4,No
1317087,3,3,3,No
1865341,4,1,1,No
1051420,4,1,3,No
1589813,3,3,2,No
1297138,2,4,3,Yes
1191505,4,4,1,Yes
1708021,1,3,3,No
1353649,4,2,1,No
1669573,3,3,2,No
1613984,4,2,3,No
1269877,1,4,3,No
1593662,4,3,1,No
1580340,3,1,1,No
1354096,3,3,4,No
1667303,3,3,3,No
1095688,3,3,4,No
1725110,2,4,3,No
1563027,3,4,2,Yes
1173414,4,3,1,No
1188476,2,3,4,No
1204541,3,3,4,No
1736866,3,3,1,Yes
1776529,1,3,2,Yes
1489398,3,3,2,No
1673608,4,2,2,No
1107497,3,3,3,No
1096432,4,3,2,No
1045162,2,3,1,No
1756239,4,3,4,No
1372229,3,3,2,No
1413753,3,3,2,No
1394294,3,3,3,No
1233772,4,4,2,No
1882668,1,2,4,No
1218847,2,4,4,No
1636995,3,2,2,Yes
1780761,4,4,4,No
1375351,3,3,1,No
1670281,4,2,3,No
1138891,2,3,2,Yes
1755403,1,3,3,No
1566630,3,3,1,No
1777635,3,3,1,No
1427912,3,3,1,No
1884554,4,3,4,No
1335605,4,1,3,Yes
1361476,4,4,2,No
1057253,3,2,1,No
1617735,1,3,2,No
1037353,2,3,1,No
1455020,1,3,4,No
1689256,3,3,4,No
1793245,4,3,4,No
1267131,3,3,3,No
1105684,2,2,2,No
1206385,3,3,4,No
1487282,4,3,2,No
1295289,2,4,1,No
1875209,2,3,4,No
1079394,2,3,1,No
1353559,3,3,2,No
1119549,3,3,1,Yes
1209208,1,4,2,Yes
1228187,4,3,2,No
1090528,1,1,2,No
1665575,4,3,1,No
1761086,4,4,1,No
1591129,3,2,1,No
1518444,3,2,4,No
1814200,4,3,3,No
1669153,4,2,2,No
1668455,1,2,3,No
1251852,3,3,4,No
1589946,1,1,4,No
1580530,3,4,1,No
1718961,3,3,3,No
1792606,1,3,3,No
1147261,3,3,3,No
1434704,4,4,4,No
1794793,3,3,1,No
1034561,3,3,3,No
1745732,4,2,1,No
1477313,3,3,3,No
1624205,1,4,4,No
1641585,4,2,2,No
1080875,1,3,1,Yes
1551597,4,3,3,No
1498477,3,3,3,No
1507332,3,2,2,No
1398672,4,3,2,No
1179356,4,1,3,No
1414067,2,4,3,No
1285109,2,3,2,No
1699009,4,3,1,No
1547538,3,3,4,Yes
1712154,1,3,1,Yes
1715015,3,3,3,No
1344006,1,4,1,No
1136352,2,3,4,No
1767421,4,3,4,No
1196090,4,3,2,No
1202761,2,3,2,No
1288214,4,3,4,No
1510616,4,3,4,No
1824855,3,3,4,No
1700617,2,4,4,No
1589131,3,3,1,No
1634766,3,3,4,No
1248364,4,2,4,No
1844102,3,3,2,No
1180968,4,2,2,No
1705991,1,3,3,No
1533978,4,3,3,No
1838364,1,3,4,No
1886378,1,3,4,No
1217160,3,3,3,No
1494989,4,2,2,No
1180556,1,3,1,No
1271756,1,2,4,No
1786662,3,3,4,No
1713058,2,3,4,No
1879624,2,3,1,Yes
1530315,1,3,1,No
1589247,3,4,3,No
1347933,3,3,1,No
1031434,3,2,4,No
1699255,4,2,3,No
1670081,3,3,3,No
1542367,3,3,3,Yes
1259211,4,3,4,No
1758544,3,3,2,No
1545288,1,4,2,No
1121259,2,1,3,No
1126307,4,2,3,No
1400061,4,2,4,No
1855799,1,1,4,No
1639147,2,3,4,No
1446990,4,3,4,No
1446447,1,4,4,No
1729159,4,3,1,No
1808474,3,1,4,No
1254029,1,3,2,No
1581250,1,4,3,No
1269152,4,2,4,Yes
1615430,4,2,3,No
1186983,3,3,2,No
1570791,3,3,1,No
1052229,3,3,2,Yes
1551168,4,3,4,No
1699666,1,3,4,Yes
1521095,1,3,1,No
1224712,4,3,4,No
1238998,4,3,1,No
1541532,3,2,2,No
1152345,1,2,4,Yes
1830116,4,3,2,No
1755563,1,3,4,No
1660820,4,3,3,No
1150067,1,2,4,No
1862559,1,3,1,No
1107380,1,3,3,No
1734641,4,2,1,No
1298935,3,3,4,No
1025177,2,3,3,No
1546242,1,3,3,No
1288565,4,2,2,No
1572087,1,3,3,Yes
1451315,2,3,3,No
1755899,3,3,4,No
1330421,3,3,3,No
1187355,1,3,2,Yes
1297416,3,4,3,No
1161558,1,3,1,Yes
1069822,4,2,3,No
1418243,2,3,3,No
1312456,3,3,3,No
1294456,2,3,4,Yes
1637745,3,3,4,No
1307498,4,3,4,No
1759857,3,2,3,No
1675215,2,3,3,No
1845955,3,3,3,No
1178013,3,3,1,No
1266910,4,2,3,No
1643001,3,3,2,No
1804767,2,2,2,No
1686305,1,2,1,No
1375250,4,3,3,No
1744940,4,4,3,No
1545377,4,2,3,No
1282527,1,3,2,No
1266242,4,3,3,No
1668361,3,4,3,No
1574775,2,3,2,No
1822365,4,1,3,No
1082176,3,3,3,Yes
1415673,4,2,4,No
1455518,3,2,1,No
1117532,2,2,4,No
1450149,1,2,1,No
1826341,1,3,1,No
1276016,1,2,3,No
1193450,4,2,2,No
1119237,4,2,2,No
1077496,4,2,2,No
1689022,4,3,1,No
1580740,1,3,4,No
1214731,3,2,3,No
1501967,4,3,3,No
1659259,3,3,4,No
1851689,4,3,2,No
1578894,4,1,4,No
1147768,4,2,1,No
1341422,4,3,2,No
1524503,1,3,1,No
1643524,1,3,3,No
1330630,3,3,4,No
1050771,2,2,4,Yes
1864456,4,3,4,No
1252375,1,4,3,No
1127921,1,3,3,No
1122784,4,2,1,No
1767740,2,3,2,No
1740909,2,3,2,No
1395500,4,2,3,No
1253827,4,3,4,No
1329687,3,3,2,Yes
1221211,4,3,1,No
1731227,2,3,4,No
1716658,4,3,3,No
1856275,4,3,4,No
1780189,4,2,4,No
1662886,4,3,3,No
1455944,2,3,1,No
1597875,1,3,1,No
1514580,4,3,4,No
1457833,2,4,4,No
1406364,4,1,1,Yes
1574807,4,3,1,No
1423464,1,3,2,No
1592499,4,3,1,No
1870106,4,2,4,Yes
1860698,2,4,1,No
1334434,3,2,3,Yes
1657594,4,2,4,Yes
1497902,4,2,3,No
1289682,4,2,4,No
1185964,3,4,2,No
1179676,4,2,2,Yes
1034373,3,3,3,No
1126499,1,1,4,Yes
1334359,3,3,2,No
1254150,2,3,2,No
1206644,3,3,3,No
1766963,1,3,3,No
1795081,2,3,3,No
1213565,3,4,2,No
1416487,4,1,4,No
1314640,2,2,1,No
1186466,3,2,4,No
1749032,3,2,4,No
1674536,4,3,2,No
1327078,1,3,4,No
1738679,2,3,3,No
1117151,2,3,3,Yes
1732657,2,2,1,No
1840229,1,3,3,No
1179217,1,3,4,No
1612583,3,3,3,No
1115854,2,4,4,Yes
1306693,1,3,1,Yes
1142961,4,1,4,No
1578228,2,3,4,No
1607811,1,4,3,No
1157826,4,3,3,No
1863388,4,3,2,No
1818424,3,1,1,Yes
1707397,2,2,3,No
1742953,4,3,3,No
1416528,3,3,3,No
1376209,4,2,4,No
1238813,3,3,4,No
1715239,3,4,3,No
1688979,3,4,3,No
1297623,4,3,3,No
1685947,4,3,4,No
1785279,3,3,1,No
1378606,2,2,2,Yes
1118201,3,4,3,No
1866341,4,3,1,No
1649317,1,3,3,Yes
1281310,3,3,4,No
1658398,1,3,4,Yes
1462108,4,3,2,No
1790357,4,3,4,No
1752868,4,2,4,No
1324348,2,3,3,No
1576599,3,4,1,No
1381113,2,3,3,No
1591865,1,3,4,No
1321447,4,3,4,No
1034220,3,3,1,Yes
1359967,3,3,4,No
1662076,3,2,3,No
1555678,3,3,4,No
1071870,3,3,4,No
1690577,2,1,3,Yes
1109596,1,3,3,No
1483743,4,3,2,No
1100306,3,3,3,No
1667869,3,2,3,No
1079832,1,2,2,No
1236529,1,3,4,Yes
1233733,2,3,2,No
1824641,4,3,4,No
1559236,1,2,2,No
1362920,3,3,1,No
1374656,3,3,3,No
1541429,3,3,4,No
1383639,4,3,1,No
1631280,4,2,2,No
1212094,3,4,4,No
1509823,4,3,1,No
1297098,4,3,3,No
1664278,2,1,1,Yes
1316661,2,3,3,No
1633200,3,3,2,No
1480769,4,3,2,No
1665250,1,3,2,Yes
1476575,4,3,1,No
1580401,4,3,4,No
1735028,3,3,4,No
1330619,1,3,3,No
1142212,1,3,4,No
1239925,4,2,2,No
1477537,4,4,4,No
1404854,3,3,4,No
1401928,4,2,2,No
1041678,4,1,2,No
1568634,2,3,2,No
1763986,2,3,3,No
1721556,3,2,1,No
1631537,1,3,1,Yes
1277508,3,3,3,No
1873017,2,3,4,No
1776541,3,3,3,No
1545738,3,2,2,No
1775055,2,2,4,No
1087619,1,2,3,No
1409664,3,3,1,No
1206462,4,3,4,No
1431621,3,3,3,No
1045879,3,3,1,No
1619652,4,2,4,No
1828114,1,4,3,No
1128254,4,3,3,No
1084699,4,3,4,Yes
1343829,1,2,3,Yes
1603378,1,3,4,No
1720881,3,4,1,No
1748251,1,2,2,No
1740472,1,3,1,No
1825779,1,2,3,No
1221286,3,3,2,No
1595168,3,2,3,No
1317075,4,3,1,No
1169735,3,3,1,No
1818130,2,3,4,No
1467266,3,4,3,No
1242796,1,3,2,No
1116632,4,3,4,No
1338800,1,3,4,Yes
1823713,3,3,1,No
1461105,3,2,1,No
1714672,4,2,1,No
1264321,4,3,4,No
1570590,4,4,4,No
1417598,3,2,1,Yes
1875940,2,3,1,Yes
1815487,1,3,4,No
1364682,2,3,1,No
1150498,3,3,4,No
1446684,2,3,4,No
1852842,4,3,3,No
1554886,4,2,1,No
1454712,3,3,2,No
1212693,2,3,2,No
1312769,3,3,3,No
1601148,4,3,3,No
1133211,2,2,4,No
1856618,3,3,1,No
1042408,2,3,4,No
1789769,1,3,3,No
1440393,4,3,1,No
1091520,3,4,3,No
1818532,2,4,4,Yes
1292995,2,2,3,No
1522372,4,3,1,No
1308397,4,3,3,No
1138410,2,1,1,No
1752889,4,3,4,No
1425897,2,3,4,No
1719792,3,2,4,No
1377897,2,2,4,No
1692477,4,3,2,No
1618530,4,2,2,No
1619491,3,4,3,No
1321732,3,3,3,No
1313694,3,3,3,Yes
1140608,1,3,1,Yes
1190899,4,3,2,No
1131723,3,2,3,No
1066655,4,3,3,No
1061785,3,3,4,No
1745568,3,2,2,No
1034814,3,1,3,No
1778989,1,1,4,Yes
1452385,3,2,2,No
1513386,1,2,3,No
1812528,1,4,2,No
1479961,3,3,4,No
1446497,2,3,4,No
1340549,4,2,3,Yes
1588632,4,3,1,No
1499676,3,3,3,No
1849677,4,1,3,No
1209446,2,4,3,No
1098841,1,3,4,No
1871555,4,4,4,No
1405213,3,2,1,Yes
1089994,1,3,3,No
1710657,1,3,4,No
1511393,4,3,2,No
1542698,1,3,3,No
1764148,3,2,1,No
1334983,4,2,4,No
1713700,3,2,1,Yes
1476340,3,3,3,Yes
1795477,3,3,4,No
1500784,4,2,2,Yes
1455048,4,3,3,Yes
1123335,1,3,3,No
1285566,3,3,4,No
1279649,3,3,2,No
1754610,1,1,1,Yes
1260276,1,3,3,No
1313206,2,3,2,No
1562759,1,3,4,No
1818579,1,3,4,No
1221210,2,3,4,No
1285937,1,3,3,No
1063216,2,1,4,Yes
1551282,3,2,2,No
1310719,3,3,3,No
1544205,3,2,3,No
1503934,4,3,4,No
1531205,4,3,3,No
1126413,4,2,4,No
1170535,1,4,4,No
1520995,4,3,2,No
1229290,2,3,3,No
1034448,3,3,4,No
1516924,1,3,3,No
1487583,4,3,1,No
1516360,2,4,2,No
1384279,4,3,3,No
1658193,2,3,4,No
1645050,1,3,1,No
1695470,4,2,3,No
1362336,1,2,1,No
1442702,3,1,4,No
1226564,4,3,1,No
1245033,2,4,1,Yes
1856613,4,3,1,No
1559788,4,3,4,No
1845153,1,2,3,No
1216132,1,3,3,No
1718896,4,3,3,No
1659741,4,3,3,No
1460231,3,4,1,No
1276743,2,2,3,No
1551418,2,2,4,No
1409781,3,3,1,No
1429070,4,3,3,No
1149718,4,4,4,No
1593907,4,2,4,No
1346366,3,2,3,No
1471840,2,3,2,No
1081187,3,3,4,No
1237363,4,3,2,No
1473069,3,3,4,No
1322371,4,3,3,Yes
1574047,4,2,3,No
1588094,2,3,1,No
1364438,2,3,4,No
1724855,3,1,1,Yes
1032289,2,3,4,No
1826524,1,3,3,No
1426682,2,2,4,No
1826449,4,2,4,No
1319702,2,4,3,No
1668404,3,2,4,Yes
1459186,1,2,3,No
1488640,2,4,3,No
1711208,3,3,3,No
1619962,2,3,2,No
1411176,4,4,4,No
1702814,2,3,3,No
1059499,4,3,1,No
1612685,4,3,4,No
1744003,3,2,2,No
1825727,3,3,3,No
1100849,3,3,2,Yes
1165880,1,2,4,No
1386101,2,2,4,No
1053739,4,4,3,No
1259785,2,3,2,No
1772045,2,3,3,No
1153402,3,3,1,No
1111156,3,3,4,No
1191511,1,3,3,Yes
1391589,4,3,1,No
1474475,3,3,4,No
1211290,1,4,4,No
1193428,4,3,3,No
1545703,1,3,4,No
1202936,2,3,4,Yes
1171299,2,2,2,Yes
1277861,1,3,2,No
1622014,3,3,1,No
1379068,3,2,4,No
1546275,2,3,3,No
1288105,2,4,4,Yes
1518688,1,4,1,No
1071499,3,2,3,No
1704652,3,3,4,No
1074172,2,3,4,No
1415953,3,3,3,No
1492244,4,2,4,No
1510065,4,3,3,No
1338493,1,3,3,No
1451242,3,3,3,No
1265137,2,3,3,No
1465164,1,3,2,No
1420569,1,4,3,No
1796375,4,2,4,No
1536328,1,2,3,Yes
1346672,2,3,2,No
1408258,1,2,1,No
1172129,4,3,4,No
1525335,4,3,3,No
1138505,2,2,4,No
1792003,4,4,4,No
1584366,4,3,4,No
1224247,4,3,4,No
1081600,3,2,1,Yes
1665397,2,3,4,No
1073438,3,3,1,No
1858522,3,3,2,No
1528867,3,3,2,No
1648657,4,4,3,Yes
1805986,3,2,4,Yes
1272720,3,3,4,No
1415194,4,4,3,No
1176516,1,3,3,No
1542102,3,2,4,Yes
1872881,4,4,1,No
1588882,2,3,2,No
1278061,4,2,4,No
1220976,3,3,3,No
1068192,4,4,2,No
1633178,2,2,3,No
1432591,3,3,3,No
1844995,3,2,1,No
1162157,3,2,4,No
1084924,3,1,1,No
1229066,4,3,4,No
1526314,3,3,4,Yes
1339537,4,3,1,No
1112703,1,3,3,No
1768835,1,1,3,No
1742081,3,3,1,No
1729034,4,3,3,No
1141939,4,2,1,No
1115350,1,3,3,No
1218088,1,2,2,No
1246982,1,3,1,No
1458822,4,3,3,Yes
1699413,4,2,4,No
1620973,1,3,4,No
1793695,4,4,2,No
1583611,2,3,1,No
1792620,3,3,2,Yes
1225271,1,3,4,No
1703058,2,4,1,No
1613258,1,3,4,No
1611839,2,4,1,Yes
1434118,1,4,2,No
1577542,4,2,1,No
1537620,1,2,3,No
1827650,4,2,1,No
1533398,1,3,1,Yes
1469983,3,1,3,No
1272818,1,4,1,No
1174986,3,4,1,No
1259120,3,3,4,No
1236111,4,2,4,No
1625621,2,2,4,No
1743607,3,2,2,No
1115072,3,4,3,No
1497203,4,3,1,No
1821156,4,4,1,No
1853035,1,4,1,Yes
1549232,2,3,3,No
1211666,1,3,2,No
1214806,2,3,4,No
1355585,4,1,2,Yes
1341233,4,4,2,No
1203781,1,3,3,No
1234542,3,3,1,No
1282478,2,3,4,No
1488687,1,3,4,No
1520049,3,3,3,No
1811254,2,2,4,No
1028391,3,2,1,No
1759045,3,4,3,No
1613858,2,2,4,No
1317016,1,3,4,No
1364493,1,3,4,No
1477875,3,2,4,No
1439547,4,3,1,No
1869891,3,2,1,No
1800991,3,2,3,No
1081412,3,2,2,No
1705514,2,3,3,No
1769488,1,2,2,No
1678672,3,4,1,No
1472943,2,1,1,Yes
1817745,2,4,1,Yes
1218204,3,3,4,No
1812838,1,2,2,Yes
1384737,2,3,4,No
1456798,3,2,2,No
1075494,3,3,3,No
1557335,3,4,3,No
1498617,3,3,4,No
1732917,2,3,1,No
1235079,3,2,3,No
1473545,1,2,3,Yes
1608433,3,1,1,No
1768732,1,3,3,No
1255286,1,3,3,No
1476766,2,3,4,No
1503842,2,2,3,No
1285005,3,3,4,No
1700420,4,4,3,No
1787068,4,3,2,No
1512296,1,1,1,Yes
1225168,1,4,4,No
1185178,2,3,2,No
1791733,2,4,3,No
1445455,2,1,4,No
1225098,3,3,1,No
1161882,1,1,4,Yes
1130650,3,3,4,No
1827679,3,1,4,Yes
1385384,4,3,3,No
1489531,3,3,2,No
1879823,2,3,3,No
1072437,4,3,1,No
1685917,1,3,3,No
1144941,2,3,4,No
1520707,4,3,4,No
1655596,4,1,4,No
1582511,1,4,1,No
1040101,3,3,2,No
1795482,4,3,3,No
1487869,1,3,3,No
1757748,4,3,4,No
1044155,2,3,1,No
1751058,3,3,2,No
1800789,2,3,4,No
1258148,4,2,3,No
1120429,3,3,3,No
1604996,3,2,3,No
1152504,1,1,1,No
1093589,1,3,2,No
1152723,3,3,3,No
1561423,1,3,4,No
1603233,2,3,3,No
1286513,1,3,1,Yes
1313838,4,3,3,No
1819647,2,3,3,No
1316836,1,2,4,No
1595159,1,2,3,No
1679356,4,1,1,No
1729981,4,3,3,No
1597323,4,2,2,No
1765716,4,3,1,No
1573518,2,3,3,No
1755222,2,4,2,No
1689960,3,3,2,No
1321308,1,3,2,No
1261502,3,3,1,No
1041532,3,3,4,No
1828789,4,4,1,No
1638427,3,3,3,No
1788553,3,3,4,No
1599847,1,3,1,No
1856176,4,3,4,No
1106946,3,2,2,No
1866800,3,2,4,No
1492385,1,3,4,No
1463621,2,3,4,No
1562191,4,2,3,No
1801915,1,1,4,No
1064286,2,3,3,Yes
1494533,3,2,2,Yes
1618456,3,3,2,No
1072876,4,3,2,No
1393835,4,2,2,No
1466602,2,2,2,No
1135463,1,3,3,No
1792202,1,3,1,No
1428612,1,3,4,No
1831818,3,3,3,No
1624104,4,3,3,No
1594457,1,2,3,No
1871083,1,3,2,No
1448152,1,3,4,No
1577752,1,3,2,No
1475967,1,2,2,No
1797790,4,3,3,No
1741354,4,4,2,Yes
1665873,3,3,4,No
1604086,3,3,3,No
1687357,3,3,1,No
1645854,3,3,3,No
1693873,3,2,3,No
1032199,3,1,1,No
1646893,4,3,4,No
1641732,3,4,4,No
1626748,1,3,4,No
1552731,2,1,2,No
1294986,4,2,3,No
1219188,4,3,1,No
1533221,4,3,3,No
1107055,4,2,1,Yes
1644021,4,3,1,Yes
1236753,3,3,2,No
1731640,4,2,4,No
1883424,1,1,1,Yes
1202416,3,3,3,No
1088912,1,3,2,No
1605956,3,3,4,No
1505937,2,3,4,No
1399370,2,3,1,No
1761884,1,3,4,No
1769167,3,3,3,No
1547090,2,3,4,No
1246015,2,3,1,No
1254079,3,3,3,No
1860095,3,3,4,No
1602610,1,3,4,No
1364047,3,3,2,No
1872403,3,3,3,No
1705436,4,4,4,No
1607161,4,4,4,No
1706059,2,2,1,No
1574111,4,3,4,No
1200755,2,2,4,No
1068460,4,3,1,No
1796122,1,2,4,No
1728347,2,3,4,No
1817017,2,3,2,No
1400072,3,3,3,No
1349913,3,3,4,No
1119867,1,3,4,No
1060815,4,3,3,No
1097742,3,2,1,No
1711206,4,3,3,No
1082389,3,3,4,Yes
1588527,3,2,4,No
1590426,4,3,2,No
1425001,3,3,4,No
1609527,2,3,4,No
1366639,4,3,4,No
1270535,2,3,1,No
1826482,4,4,2,No
1718662,4,4,3,No
1248055,2,3,2,No
1430170,4,2,3,No
1830378,4,3,2,No
1810874,4,3,3,No
1287552,4,3,3,No
1432173,4,4,1,No
1499458,4,3,4,No
1622897,3,3,3,No
1374267,3,3,4,No
1125172,3,3,4,No
1569964,4,2,3,No
1689576,3,2,3,No
1297488,3,3,4,Yes
1675357,3,1,3,Yes
1704363,3,4,4,No
1554897,2,3,4,No
1430466,3,2,1,No
1205920,3,4,2,No
1702718,2,3,3,No
1417199,1,3,2,No
1078051,1,4,2,No
1146326,2,3,3,No
1044017,3,3,4,No
1294406,4,2,2,No
1280706,2,1,3,No
1488805,4,2,3,No
1315940,1,3,2,No
1878824,2,3,1,Yes
1658260,2,1,3,No
1246363,4,2,4,No
1360469,4,3,4,No
1412303,3,1,4,No
1360714,2,2,2,No
1383815,3,4,3,No
1620383,1,3,4,No
1377529,4,3,1,No
1828538,4,2,3,Yes
1692811,3,3,1,No
1030937,4,2,3,No
1838448,2,3,2,Yes
1176037,3,4,4,No
1764157,1,3,3,No
1483732,4,3,4,No
1059340,2,2,4,No
1260966,4,4,4,No
1196870,1,2,1,Yes
1434954,2,2,3,No
1872248,3,3,1,Yes
1498457,1,3,4,No
1322097,3,3,3,No
1400783,2,3,2,No
1511863,4,3,2,No
1581569,3,3,3,Yes
1628396,2,2,2,No
1715321,1,3,3,No
1541808,2,2,4,No
1479918,1,3,3,No
1404955,3,3,4,No
1473417,3,2,1,No
1778124,4,3,2,No
1143717,4,3,4,No
1193818,2,3,2,Yes
1795187,3,3,4,No
1241701,1,3,3,Yes
1729178,4,3,1,No
1612699,3,3,1,No
1880660,2,3,2,No
1275366,4,3,3,No
1377582,1,3,4,No
1590795,2,2,3,No
1554560,2,2,3,No
1563500,4,3,3,Yes
1287606,1,3,4,No
1395052,4,4,3,No
1692699,3,3,3,No
1691971,2,3,2,No
1048578,1,2,3,No
1874111,1,2,2,No
1083173,4,3,2,No
1819347,2,3,1,No
1645963,1,2,4,No
1174838,1,1,4,No
1751502,4,3,3,No
1117560,3,2,1,No
1206981,2,1,2,No
1711876,3,4,3,No
1366196,3,3,1,No
1347924,2,3,4,No
1140520,2,4,4,No
1187455,4,3,3,No
1645498,3,3,2,No
1382530,2,2,2,No
1682292,3,4,2,No
1602874,2,3,3,No
1154770,1,3,2,No
1051875,4,2,4,No
1834180,1,3,1,No
1564192,1,3,3,No
1802154,4,2,2,No
1207662,4,3,3,No
1072716,3,3,1,No
1086016,3,1,2,Yes
1552861,1,3,4,No
1235468,1,3,1,Yes
1281331,3,4,3,No
1220488,2,3,4,No
1113271,4,3,1,No
1152978,4,2,4,No
1871070,4,4,4,No
1687721,4,4,4,No
1031664,3,2,3,No
1402268,3,3,2,No
1601963,4,2,4,No
1777794,4,3,3,No
1510809,3,3,4,No
1676403,3,3,4,No
1458226,2,2,3,Yes
1442296,1,3,1,No
1469297,3,3,2,No
1701157,2,3,4,No
1141899,3,3,1,No
1866815,2,3,4,No
1329673,4,2,4,Yes
1775838,2,3,3,No
1575047,1,2,4,No
1049997,4,3,4,No
1766213,4,4,2,No
1544113,2,3,2,No
1609966,4,2,2,Yes
1242148,2,3,4,Yes
1494882,3,3,2,No
1450163,3,3,2,No
1104040,4,3,3,No
1879233,1,3,4,No
1878518,1,3,4,No
1694441,2,3,4,No
1608760,4,2,2,No
1357691,4,2,2,No
1551391,1,3,1,No
1419575,3,2,2,No
1620257,4,3,4,No
1662166,1,3,2,No
1738269,1,3,4,Yes
1557030,4,3,1,Yes
1153641,2,1,3,No
1448030,2,3,3,No
1804573,1,4,3,No
1058985,4,3,3,No
1674974,4,2,4,No
1408618,3,2,1,No
1670932,4,3,3,No
1808720,3,3,2,No
1228157,3,2,2,No
1355281,4,3,3,No
1745305,1,3,3,Yes
1048077,3,3,1,No
1616851,2,2,2,No
1700476,4,3,3,No
1603368,3,3,4,Yes
1775902,2,4,3,No
1871585,1,3,4,No
1606461,1,3,1,No
1236472,2,3,4,No
1058946,4,2,4,No
1683886,3,3,1,Yes
1211751,4,4,2,No
1445440,4,3,2,No
1654667,4,3,2,No
1265759,2,3,1,Yes
1842922,1,1,2,No
1884938,3,2,3,No
1252735,1,4,3,No
1201616,2,3,1,No
1050457,4,2,1,No
1637651,3,2,4,No
1079566,1,2,3,No
1332348,1,2,1,No
1051695,4,3,3,No
1154444,1,3,4,No
1650983,4,2,3,No
1130703,1,2,1,No
1817679,4,3,3,No
1092771,4,3,4,No
1356134,4,3,4,No
1370524,4,3,1,Yes
1232169,1,2,1,Yes
1392392,3,2,1,No
1309342,3,3,4,No
1531422,3,3,1,No
1126582,2,3,4,No
1316742,2,3,3,No
1789942,4,3,4,No
1583381,1,3,2,No
1275198,3,3,4,No
1378502,3,4,3,No
1553116,1,3,3,No
1150538,3,2,2,No
1553133,4,4,4,No
1113801,3,4,4,No
1365691,2,3,2,No
1825860,2,3,3,No
1820725,2,2,4,No
1515102,3,2,4,No
1811717,3,3,1,No
1863212,3,2,2,No
1677775,2,3,4,No
1593793,3,3,1,No
1373830,3,3,1,No
1125914,1,2,4,No
1519296,4,3,4,No
1491934,2,1,3,No
1181842,3,3,4,No
1221662,3,4,4,No
1725778,3,3,2,No
1301790,4,3,2,No
1399338,2,3,3,No
1789008,4,2,1,No
1190766,2,3,2,No
1491312,4,3,1,No
1708743,3,3,2,No
1435710,4,3,3,No
1332625,4,3,3,No
1818407,3,2,1,No
1251101,4,2,1,No
1433529,4,3,2,No
1859445,1,3,3,Yes
1104512,4,2,4,No
1782969,1,2,4,Yes
1628827,4,3,1,No
1224144,2,3,4,No
1284416,3,2,3,No
1191013,4,4,1,Yes
1061493,3,2,1,No
1197297,3,1,4,No
1065630,2,3,1,No
1173552,3,3,4,No
1277240,4,2,4,No
1520108,2,3,3,No
1707431,1,3,4,No
1246075,4,3,3,No
1665956,4,3,1,No
1468963,3,3,2,No
1457695,4,2,2,No
1043685,3,3,4,No
1336668,3,3,3,No
1044917,3,4,3,No
1758264,3,3,3,No
1175359,4,3,3,No
1640979,2,3,4,No
1321040,1,1,4,No
1293237,1,3,4,Yes
1715801,4,2,2,No
1626443,1,3,2,No
1787925,3,3,4,No
1444959,4,3,3,No
1196529,1,3,4,No
1417927,2,3,2,No
1322645,2,2,4,No
1879510,3,4,2,No
1345828,3,4,1,No
1837461,3,3,3,No
1720201,4,3,4,No
1566303,4,3,4,No
1108233,3,2,3,No
1548714,2,3,3,No
1823206,1,3,2,No
1464646,4,4,4,No
1118938,4,3,3,No
1266767,4,3,1,No
1432515,2,3,3,No
1440199,3,3,4,No
1449468,3,3,4,No
1308741,4,3,3,No
1117655,4,3,4,No
1439166,2,3,2,No
1141471,3,3,3,No
1731320,2,4,3,No
1697463,2,3,3,No
1540491,1,2,4,No
1034607,1,3,3,No
1123123,4,3,3,No
1380232,2,3,2,No
1345928,2,3,2,No
1165218,4,3,4,No
1194754,2,3,3,No
1162618,4,2,2,No
1661522,3,3,2,No
1469038,2,2,2,No
1026975,4,2,4,No
1267061,3,4,3,No
1184336,4,2,1,No
1852420,4,3,1,No
1622092,1,3,2,No
1870096,1,3,2,No
1288694,4,3,1,No
1354174,4,3,1,No
1121812,4,3,4,No
1688790,3,3,3,No
1847082,1,3,2,No
1137940,1,3,1,No
1531743,1,3,4,No
1156488,4,3,3,No
1578755,4,3,1,No
1333885,4,2,4,No
1258908,3,3,3,No
1245218,1,2,1,No
1730370,4,3,2,No
1577435,1,3,4,No
1151756,2,3,4,No
1045493,4,4,4,No
1570909,3,3,1,No
1509347,3,3,3,No
1217582,3,2,3,No
1110329,1,2,1,No
1044146,3,3,1,No
1865209,1,1,2,No
1548274,4,2,3,No
1268816,3,3,2,No
1084927,4,3,3,No
1496230,3,3,3,No
1872979,4,3,3,No
1123429,4,4,4,No
1563219,3,4,4,No
1252790,4,3,1,No
1720230,4,3,4,No
1028734,3,3,3,No
1365509,1,3,3,No
1825987,1,3,3,No
1269351,3,3,3,No
1495147,3,3,1,No
1209865,4,3,2,No
1138945,4,3,4,No
1310619,3,4,2,No
1225300,4,3,1,No
1885928,4,2,2,No
1213922,3,3,4,No
1211512,4,3,3,No
1159699,1,3,4,No
1677368,4,3,2,No
1030882,3,2,1,No
1597825,4,3,3,No
1822734,2,4,2,No
1237678,4,3,4,No
1178700,1,4,3,No
1854050,3,3,4,No
1833939,2,1,4,No
1822695,4,3,4,No
1252779,3,4,3,No
1831971,1,3,3,No
1473219,2,2,3,No
1178469,1,2,1,No
1075883,4,3,3,No
1853111,3,3,1,No
1455592,4,3,4,No
1440762,4,3,1,No
1581448,4,3,1,No
1085909,4,3,3,No
1213892,3,2,4,No
1461811,3,3,4,No
1501908,3,3,4,No
1065186,3,4,1,No
1382014,1,2,3,No
1850673,4,3,1,No
1239516,1,2,3,No
1290256,4,3,2,No
1239491,3,3,2,No
1822238,3,4,3,No
1220579,1,3,3,No
1143606,2,3,2,No
1200749,2,2,4,No
1633070,3,3,4,No
1066528,2,3,1,No
1157111,4,3,4,No
1792052,4,3,3,No
1676128,3,3,3,No
1148181,3,2,2,No
1844032,4,2,3,No
1146009,3,3,4,No
1090887,4,2,4,No
1709085,3,3,2,No
1767733,4,1,4,No
1790839,2,3,3,No
1629597,3,3,3,No
1209768,3,4,4,No
1037474,1,2,2,No
1110876,3,3,1,No
1302685,4,3,3,No
1638565,4,1,3,No
1075989,4,3,3,No
1440066,3,3,4,No
1432464,4,3,3,No
1051013,4,3,2,No
1800484,3,3,2,No
1553672,2,2,1,No
1619511,4,3,4,No
1575266,1,4,4,No
1087770,1,3,4,No
1456073,1,3,2,No
1637476,3,3,1,No
1475807,1,3,2,No
1085062,3,3,2,No
1640372,3,2,1,No
1309511,1,3,1,No
1220459,1,3,3,No
1048015,2,3,1,No
1659102,3,3,2,No
1857447,3,3,1,No
1586182,4,2,1,No
1585668,1,2,3,No
1522053,4,3,1,No
1685220,1,3,2,No
1249536,1,4,3,No
1104176,4,3,4,No
1602545,1,3,4,No
1433107,3,1,1,No
1232119,2,1,4,No
1876599,2,3,4,No
1389456,4,3,1,No
1197555,3,3,4,No
1285943,3,3,4,No
1108108,4,4,4,No
1215433,3,3,2,No
1565509,3,3,4,No
1845170,4,3,4,No
1188199,1,3,1,No
1548215,1,2,2,No
1698428,1,1,4,No
1389834,3,2,1,No
1533883,4,2,2,No
1746047,3,2,4,No
1431094,4,2,3,No
1173245,2,2,4,No
1309082,2,3,4,No
1545418,3,3,4,No
1655170,3,2,4,No
1293281,3,2,3,No
1031059,1,3,4,No
1505419,1,3,4,No
1222421,3,1,4,No
1620322,3,2,1,No
1474227,1,3,1,No
1101293,3,3,1,No
1327800,3,3,3,No
1162185,3,3,3,Yes
1168729,4,2,2,Yes
1544044,4,3,1,Yes
1114030,2,3,1,Yes
1751929,4,3,3,Yes
1267282,2,4,1,Yes
1855095,4,2,4,Yes
1837772,4,2,3,Yes
1704323,3,3,2,Yes
1622091,1,3,2,Yes
1734708,2,4,4,Yes
1747750,4,2,2,Yes
1341748,3,2,2,Yes
1415325,1,3,3,Yes
1663404,2,4,1,Yes
1549806,3,1,1,Yes
1874133,4,3,4,Yes
1175959,2,3,3,Yes
1655666,4,3,4,Yes
1602218,2,3,1,Yes
1336016,2,3,1,Yes
1117656,4,1,3,Yes
1152327,4,3,3,No
1812428,2,4,4,No
1812429,4,3,4,No
1152329,3,2,1,No
