employeeid,dailyrate,hourlyrate,monthlyrate,monthlyincome,overtime,percentsalaryhike
1313919,1102,94,19479,5993,Yes,11
1200302,279,61,24907,5130,No,23
1060315,1373,92,2396,2090,Yes,15
1272912,1392,56,23159,2909,Yes,11
1414939,591,40,16632,3468,No,12
1633361,1005,79,11864,3068,No,13
1329390,1324,81,9964,2670,Yes,20
1699288,1358,67,13335,2693,No,22
1469740,216,44,8787,9526,No,21
1101291,1299,94,16577,5237,No,13
1430504,809,84,16479,2426,No,13
1196281,153,49,12682,4193,Yes,12
1207951,670,31,15170,2911,No,17
1080660,1346,93,8758,2661,No,11
1420391,103,50,12947,2028,Yes,14
1337254,1389,51,10195,9980,No,11
1421335,334,80,15053,3298,Yes,12
1262683,1123,96,7324,2935,Yes,13
1599218,1219,78,22021,15427,No,16
1634788,371,45,4306,3944,Yes,11
1334559,673,96,8232,4011,No,18
1402945,1218,82,6986,3407,No,23
1705718,419,53,21293,11994,No,11
1880078,391,96,19281,1232,No,14
1801346,699,83,17102,2960,No,11
1142160,1282,58,10735,19094,No,11
1142062,1125,72,4681,3919,Yes,22
1789756,691,48,21173,6825,No,11
1126009,477,42,2094,10248,No,14
1552176,705,83,22822,18947,No,12
1118605,924,78,6670,2496,No,11
1397325,1459,41,19121,6465,Yes,13
1874834,125,83,16117,2206,No,13
1275746,895,56,3335,2086,No,14
1884939,813,61,3020,2293,Yes,16
1650304,1273,72,21923,2645,No,12
1058169,869,86,3810,2683,Yes,14
1319183,890,97,9687,2014,No,13
1872551,852,82,13072,3419,Yes,14
1060693,1141,42,3193,5376,No,19
1110390,464,75,10910,1951,No,12
1448895,1240,33,19715,2341,No,13
1547220,1357,48,10558,2293,No,12
1680993,994,37,2975,8726,No,15
1100187,721,58,10781,4011,No,23
1881631,1360,49,16280,19545,No,12
1622068,1065,72,10034,4568,No,20
1336903,408,73,10227,3022,No,21
1126243,1211,98,20445,5772,Yes,21
1053707,1229,36,4892,2269,No,19
1708688,626,98,19294,5381,Yes,13
1208582,1434,50,11179,3441,Yes,13
1127416,1488,75,4009,5454,Yes,21
1710090,1097,79,8302,9884,Yes,13
1146606,1443,47,21436,4157,Yes,19
1674685,515,98,15146,13458,Yes,12
1477077,853,71,11031,9069,No,22
1269275,1142,30,16002,4014,Yes,15
1620694,655,48,9528,5915,No,22
1618486,1115,51,2689,5993,No,18
1208054,427,33,10877,6162,Yes,22
1545352,653,50,5456,2406,No,11
1665908,989,43,16701,18740,Yes,12
1312106,1435,99,2354,7637,No,11
1391215,1223,59,8202,10096,No,13
1677994,836,33,19730,14756,Yes,14
1216003,1195,95,22656,6499,No,13
1503437,1339,59,18787,9724,No,17
1381585,664,79,5868,2194,No,13
1312369,318,79,21777,3388,Yes,17
1576355,1225,57,24668,5473,No,11
1659485,1328,76,4956,2703,No,23
1530200,1082,87,18775,2501,No,17
1773482,548,66,7346,6220,No,17
1188108,132,55,22002,3038,No,12
1471418,746,61,20682,4424,No,23
1081842,776,32,23016,4312,No,14
1146021,193,52,15067,13245,Yes,14
1880248,397,30,25258,13664,No,13
1267807,945,80,10425,5021,Yes,22
1247348,852,55,15998,5126,Yes,12
1886039,1214,30,26278,2859,No,18
1134060,111,70,18092,10239,No,14
1403326,573,79,15717,5329,Yes,12
1689558,1153,94,17736,4325,No,15
1122798,1400,49,21698,7260,No,11
1477348,541,62,9518,2322,No,13
1061371,432,96,18725,2075,No,23
1535342,288,99,15830,4152,No,19
1386780,669,64,13596,9619,No,16
1254775,530,78,14115,13503,No,22
1818921,632,71,8423,5441,Yes,22
1848882,1334,63,19760,5209,Yes,12
1537412,638,40,3142,10673,Yes,13
1231380,1093,87,24301,5010,No,16
1293078,1217,60,24001,13549,No,12
1026798,1353,33,17519,4999,No,21
1500402,120,43,8863,4221,No,15
1514098,682,37,24409,13872,No,13
1487216,489,67,25043,2042,No,12
1843825,807,63,23648,2073,Yes,22
1635251,827,71,15178,2956,No,13
1088304,871,66,19783,2926,Yes,18
1792856,665,41,12482,4809,No,14
1787161,1040,100,15850,5163,No,14
1627796,1420,32,21922,18844,No,21
1077558,1115,73,9755,18172,Yes,19
1410589,240,46,26959,5744,Yes,11
1657986,1280,64,26897,2889,No,11
1353326,534,59,23785,2871,No,15
1523794,1456,30,25796,7484,No,20
1851151,658,66,22887,6074,Yes,24
1645988,142,30,13871,17328,Yes,12
1849283,1127,52,13257,2774,No,12
1073480,1031,45,15000,4505,No,15
1157113,1189,87,14506,7428,No,12
1130224,1354,45,5615,11631,No,12
1427732,1467,92,22952,9738,No,14
1852975,922,39,2561,2835,No,22
1845017,394,92,19494,16959,Yes,12
1212660,1312,96,22310,2613,No,25
1264790,750,95,15480,6146,No,13
1515486,441,72,4510,4963,Yes,18
1832980,684,51,6462,19537,No,13
1031688,249,76,20739,6172,Yes,18
1433172,841,46,23300,2368,No,19
1607390,147,94,3465,10312,No,12
1842764,528,50,26820,1675,Yes,19
1176986,594,100,19299,2523,No,14
1835832,470,96,5549,6567,No,14
1450885,957,72,16090,4739,No,12
1810635,809,77,6645,9208,No,11
1810242,542,71,24788,4559,Yes,11
1148129,802,96,21196,8189,Yes,13
1085450,1355,61,8916,2942,No,23
1699939,216,84,2819,4941,No,20
1612623,1150,53,25150,10650,No,15
1069811,1329,47,14590,5902,No,14
1717795,959,41,24835,8639,No,18
1341925,1240,48,13982,6347,Yes,19
1113668,1033,41,10224,4200,No,22
1164932,1316,83,9752,3452,No,13
1328110,364,32,2302,4317,Yes,20
1744823,438,75,23910,2632,No,14
1431031,689,35,22812,4668,No,17
1587864,201,84,10415,3204,No,14
1577226,1427,35,11162,2720,No,13
1162762,857,91,12888,17181,No,13
1035340,933,94,6961,2238,No,21
1529493,1181,79,16102,1483,No,14
1789511,1395,54,8504,5605,No,11
1047751,662,94,11439,7295,No,13
1057195,1436,34,16047,2306,Yes,20
1682385,194,60,10901,2348,No,18
1314990,967,43,15589,8998,No,14
1157784,1496,41,26283,4319,No,13
1819484,1169,34,13983,6132,No,17
1172011,1145,75,11873,3346,Yes,20
1562685,630,67,8552,10855,No,11
1404919,303,75,11314,2231,No,18
1751538,1256,80,11992,2323,No,24
1883822,691,57,5970,2024,No,18
1460812,440,42,6672,2713,No,11
1303708,334,83,23402,9439,Yes,16
1224013,1450,79,25326,2566,Yes,15
1495862,1452,53,17053,19926,No,15
1379450,465,56,4609,2451,No,12
1138977,1339,41,8053,9419,No,12
1726077,702,59,12930,8686,No,22
1101855,120,43,12430,3038,No,20
1715001,1157,51,13364,3058,Yes,16
1820041,602,100,20989,2325,No,21
1540435,1480,30,15062,2088,No,12
1340085,111,66,11012,3072,No,11
1319352,1268,30,6319,5006,Yes,11
1722423,713,67,13939,4257,Yes,18
1853558,134,90,10515,2500,No,14
1517594,303,47,9241,1102,No,22
1700841,526,92,2137,10453,No,25
1665761,1380,75,6319,2288,No,12
1224843,140,95,6984,3929,Yes,23
1739412,629,95,5711,2311,No,15
1190255,1356,70,21728,3140,Yes,22
1820323,328,86,3425,3690,No,15
1477195,1084,57,26250,4450,No,11
1383313,931,72,4673,2756,No,13
1385477,989,46,6499,19033,No,14
1060337,692,61,13339,18722,No,11
1180048,1069,45,14074,9547,No,17
1730525,313,98,7192,13734,No,18
1173311,699,65,5678,19999,No,14
1155351,894,99,11781,2279,No,16
1409777,556,50,15497,5916,Yes,13
1175384,1344,37,5228,2089,No,14
1447981,1195,65,20462,16792,No,23
1643490,290,65,22977,3564,Yes,12
1132287,138,37,15986,4425,No,11
1238447,926,36,16439,5265,No,16
1314186,1261,88,7259,6553,No,14
1416095,1084,54,4185,6261,No,18
1572943,472,60,9679,4298,No,19
1285655,1002,92,23793,6804,Yes,15
1620253,878,43,5972,3815,Yes,17
1224749,905,99,16523,2741,Yes,15
1056367,1180,70,11354,6673,Yes,19
1446715,121,35,24525,7639,No,22
1872375,1136,60,12392,2328,Yes,16
1251693,635,73,7703,2153,No,13
1474327,1151,63,14242,4876,No,14
1721417,644,97,12368,9396,No,16
1723897,1045,32,25812,10400,No,11
1847119,829,88,20925,8474,No,22
1213142,1242,90,12916,9981,No,14
1155192,1469,81,15736,12490,No,16
1806025,1005,88,8556,2657,Yes,11
1296063,896,75,14674,13591,Yes,18
1502689,334,52,22967,6696,No,15
1849547,992,85,19757,2058,No,14
1715116,1052,57,16840,8865,No,12
1088447,1147,52,17011,5940,No,14
1408349,1396,62,9945,5914,No,16
1291194,147,47,13248,2622,No,21
1699240,663,47,10056,12185,Yes,14
1059303,119,76,9647,10609,No,12
1530760,979,90,4381,4345,No,12
1187985,142,70,8456,2177,No,17
1721312,319,41,2539,2793,No,17
1129392,1413,42,6599,7918,No,14
1278690,944,92,9096,8789,No,14
1118323,896,86,14961,2389,Yes,13
1709918,1323,89,3300,3212,No,15
1470356,532,58,4933,19232,No,11
1128374,818,52,25657,2267,No,17
1508741,854,68,24118,19517,No,11
1598911,813,58,22149,2436,Yes,13
1177110,1034,80,7744,16064,Yes,22
1484656,465,39,21509,2707,No,20
1693414,771,79,21030,19068,Yes,18
1806233,1401,56,20990,3931,No,11
1127107,515,62,9571,3730,Yes,14
1548210,1431,96,15417,2232,No,14
1857248,976,100,12069,4465,No,18
1491722,1411,36,19877,3072,No,16
1548175,1300,62,24447,3319,No,17
1197716,252,70,15970,19202,No,11
1275604,1327,73,13523,13675,No,12
1632856,832,63,14776,2911,No,13
1874724,470,84,23687,5957,No,13
1133458,1017,83,18697,3920,No,14
1213490,1199,77,5118,6434,No,17
1440072,504,61,22573,10048,No,11
1492815,505,64,6420,10938,No,25
1322829,665,60,22673,2340,No,19
1453272,916,82,23016,6545,Yes,13
1234458,1247,45,10732,6931,No,14
1336242,685,62,7505,4898,No,12
1068917,269,56,8007,2593,Yes,11
1804073,1416,49,5949,19436,No,19
1435995,833,96,23231,2723,No,11
1577501,307,71,11652,3479,No,11
1075035,1311,100,26062,2794,No,20
1520532,1327,39,19682,5249,No,18
1593179,128,84,19737,2176,No,13
1244300,488,75,14977,16872,Yes,12
1622255,529,79,14935,3485,No,11
1662066,1210,78,3687,6644,No,19
1247928,1463,64,14408,5582,No,21
1087213,675,85,18384,4000,No,12
1269016,1385,79,7501,13496,Yes,14
1416436,1403,47,20251,3210,No,11
1124764,452,81,18938,19045,Yes,14
1524494,666,88,10268,11849,Yes,12
1376531,1158,94,2613,2070,No,23
1487080,228,98,22825,6502,No,14
1836214,996,100,10531,3230,No,17
1397780,728,80,11677,13603,Yes,18
1281199,1315,71,19100,11996,No,18
1566712,322,44,19191,5605,Yes,24
1256655,1479,84,26767,6397,No,20
1187620,797,96,15815,19144,No,14
1032001,1070,45,21016,17584,Yes,16
1220520,635,99,24532,4907,No,25
1524207,442,44,20260,4554,No,18
1552398,147,37,15972,5415,Yes,19
1753629,496,60,22722,4741,Yes,13
1649314,1372,42,15881,2115,No,12
1353021,920,43,19920,3161,Yes,22
1704408,688,82,18899,5745,No,14
1031524,1449,45,14180,2373,Yes,13
1124932,1117,66,4488,3310,No,21
1865139,636,35,25594,18665,Yes,11
1158764,506,30,26285,4485,No,12
1794901,444,84,3909,2789,No,11
1707521,950,48,8450,5828,Yes,12
1628660,889,53,11411,2326,Yes,12
1099592,555,77,14864,13525,No,14
1837825,230,54,25233,1420,No,13
1284393,1232,96,5100,8020,No,15
1720804,566,81,7122,3688,No,18
1749725,1302,84,16321,5482,No,18
1460737,334,88,15896,16015,No,19
1464566,812,69,9724,1200,No,12
1608953,1476,68,4824,5661,No,19
1162080,218,100,12241,6929,No,11
1317347,1132,48,10942,9613,No,17
1712914,1105,47,6927,5674,No,15
1672940,906,91,16985,5484,No,14
1535275,849,81,26707,12061,No,17
1505031,390,32,17056,5660,Yes,13
1546688,691,86,10077,4821,Yes,12
1578970,106,62,17822,6410,No,12
1304896,1249,97,20308,5210,No,18
1685562,192,32,7747,2695,Yes,18
1172739,553,74,23364,11878,No,11
1536502,117,99,5355,17068,Yes,14
1837585,185,33,10675,2455,No,19
1230043,1091,90,17810,13964,Yes,12
1202360,723,85,17747,4941,No,15
1680149,1220,85,20938,2478,Yes,12
1696143,588,65,24624,5228,Yes,11
1773686,1377,74,5242,4478,Yes,11
1625490,691,73,7143,7547,No,12
1038656,1018,74,10557,5055,No,16
1323864,1157,84,24737,3464,Yes,13
1222187,1275,64,11934,5775,No,13
1452875,798,48,14034,8943,No,24
1375684,672,54,21141,19272,No,15
1864653,1162,41,17778,5238,Yes,18
1810061,508,46,4317,4682,No,14
1857574,1482,42,16375,18300,No,11
1342581,559,82,6227,5257,No,11
1863408,210,73,22107,6349,Yes,13
1028630,928,31,16885,4869,No,12
1416430,1001,43,9262,9985,No,16
1139398,549,75,9278,3697,No,14
1267133,1124,57,13273,7457,Yes,22
1701544,318,77,4759,2119,Yes,11
1574346,738,30,7621,3983,No,17
1446564,570,30,5431,6118,No,13
1646930,1130,56,3415,6214,No,18
1514947,1192,61,23177,6347,No,16
1650545,343,92,15682,11510,Yes,14
1549614,1232,39,25713,7143,Yes,14
1259109,144,39,11866,8268,Yes,14
1138615,1296,62,18264,8095,No,13
1366078,1309,83,16092,2904,No,12
1477474,483,95,10110,6032,Yes,15
1406287,1309,99,25751,2976,No,19
1544429,810,44,15901,15992,No,14
1171206,746,61,16928,4649,No,14
1634652,544,52,24017,2696,Yes,11
1280175,1062,75,3956,2370,No,13
1464473,530,91,23978,12504,No,21
1400436,1319,51,17001,5974,Yes,13
1465814,641,85,6069,4736,Yes,12
1622008,933,57,20156,5296,No,17
1679401,1332,98,17078,6781,No,23
1612768,756,99,9150,2174,Yes,11
1680323,845,45,15276,6653,No,15
1340908,541,48,7246,9699,No,11
1407209,593,88,2967,6755,No,11
1196631,1171,46,22495,2213,Yes,13
1558158,895,39,2851,2610,No,24
1542984,350,34,9150,2851,Yes,13
1665531,921,98,17663,3452,No,20
1815564,1144,30,16044,5258,No,14
1866571,143,56,9558,9355,No,18
1589819,1046,100,2755,10496,No,15
1645744,575,68,6110,6380,Yes,12
1235953,408,42,7551,2657,Yes,16
1034442,156,90,25422,2716,No,15
1616596,1283,54,18168,2201,No,16
1078791,755,97,19394,6540,No,19
1513965,1469,82,17881,3816,No,11
1786169,304,92,20750,5253,No,16
1377506,1261,31,12066,10965,No,24
1653415,1178,87,14862,4936,No,11
1125672,329,96,11868,2543,No,13
1629676,1362,67,4652,5304,Yes,13
1121223,1311,97,23258,16659,Yes,13
1339400,1371,77,5915,4260,Yes,12
1382648,202,72,17434,2476,No,18
1685681,575,73,6582,3102,No,22
1700683,253,43,24440,2244,No,13
1634874,164,61,3809,7596,No,13
1362644,464,40,3427,2285,Yes,23
1286933,1107,95,26914,3034,No,12
1848633,759,46,22553,5715,No,12
1065198,201,95,20490,2576,No,16
1703984,1305,49,21123,4197,Yes,12
1538992,982,59,4345,14336,No,11
1488170,555,78,13436,3448,No,22
1530826,821,86,8509,19406,No,11
1550660,1381,72,12740,6538,No,15
1766543,480,31,4156,4306,No,12
1241240,313,61,15238,2258,No,20
1616188,1473,74,2227,4522,Yes,14
1068776,891,99,12090,4487,Yes,11
1514615,1063,72,23866,4449,Yes,15
1413436,329,98,16193,2218,No,12
1660433,1218,52,8213,19197,Yes,14
1415736,906,86,18256,13212,No,11
1356712,1082,83,19558,6577,No,11
1482423,645,49,19566,8392,No,16
1735186,1300,79,13535,4558,No,12
1303791,688,91,9396,4031,No,13
1595705,319,39,19609,7969,Yes,14
1314827,192,69,9655,2654,No,21
1499671,1490,30,10310,16555,No,13
1085614,532,92,12932,4556,No,11
1635763,317,43,24793,6091,No,20
1031735,422,41,3854,19566,No,11
1787984,1485,87,26314,4810,No,14
1867121,1368,88,4386,4523,No,11
1377208,1448,62,21972,3202,Yes,16
1548908,296,33,12253,2351,No,16
1501749,1490,42,12106,1702,Yes,23
1317087,1398,79,13022,18041,No,14
1865341,1349,90,3032,2886,No,22
1051420,1400,53,16734,2097,No,15
1589813,986,93,21526,11935,No,18
1297138,408,71,18300,2546,No,16
1191505,489,52,18437,2564,No,12
1708021,1398,69,2890,8412,No,11
1353649,210,56,22102,14118,No,12
1669573,1099,88,9314,17046,No,15
1613984,1116,49,7181,2564,No,14
1269877,1499,80,2845,10266,No,19
1593662,983,65,7389,5070,No,13
1580340,1009,51,2288,17861,No,13
1354096,144,46,19225,4230,No,15
1667303,548,42,23428,3780,No,11
1095688,1303,62,8416,2768,No,12
1725110,1274,33,14394,10648,No,25
1563027,1277,56,24619,13610,Yes,12
1173414,587,38,6705,3408,No,13
1188476,413,57,18398,2983,No,14
1204541,1276,72,14295,7632,Yes,12
1736866,534,66,22908,9824,No,12
1776529,988,43,11533,9950,Yes,15
1489398,1474,97,9260,2093,No,17
1673608,635,32,15318,9980,No,14
1107497,1368,99,9129,3894,No,16
1096432,163,37,19658,4051,No,14
1045162,1117,83,9873,16835,No,23
1756239,267,56,13430,6230,No,14
1372229,619,85,18659,4717,No,11
1413753,302,75,20364,13237,No,15
1394294,443,48,17872,3755,No,11
1233772,828,77,8346,6582,Yes,13
1882668,319,56,6950,7406,Yes,21
1218847,561,61,16177,4805,No,19
1636995,426,58,22808,2741,Yes,11
1780761,232,34,22645,4262,No,12
1375351,922,95,22578,16184,No,19
1670281,688,44,25291,11557,No,21
1138891,1306,69,8059,1878,Yes,14
1755403,1094,58,11373,10932,No,15
1566630,509,62,2112,6811,Yes,17
1777635,775,45,4267,4306,No,12
1427912,195,80,6698,4859,No,16
1884554,258,74,19921,5337,No,12
1335605,471,66,23213,2340,Yes,18
1361476,799,59,23848,7491,No,17
1057253,1034,86,8984,10527,No,11
1617735,1276,91,5626,16595,No,16
1037353,142,69,24666,8834,No,13
1455020,956,78,22087,5577,Yes,12
1689256,1474,60,23914,4707,No,12
1793245,535,38,5530,2400,No,13
1267131,1495,76,22174,9824,No,19
1105684,446,65,15701,6447,No,12
1206385,1245,58,2125,19502,Yes,17
1487282,691,89,21630,2725,Yes,11
1295289,703,66,7428,6272,No,20
1875209,823,94,9100,2127,No,21
1079394,1246,99,7999,18200,No,11
1353559,622,40,26376,2096,No,11
1119549,1287,55,14168,2886,Yes,16
1209208,448,74,14470,2033,No,18
1228187,254,83,22794,3622,Yes,13
1090528,1365,46,11512,4233,No,17
1665575,538,54,14004,3681,No,14
1761086,525,66,6219,5460,No,22
1591129,798,66,5013,2187,No,12
1518444,558,75,3010,9602,Yes,11
1814200,622,81,5718,4089,No,13
1669153,782,50,2671,16627,Yes,14
1668455,362,43,14561,2619,No,17
1251852,1001,72,19627,5679,Yes,13
1589946,1236,40,17997,15402,No,11
1580530,1112,50,26894,5985,No,11
1718961,204,31,2912,2579,Yes,18
1792606,1420,85,16346,3041,No,11
1147261,1343,49,24444,3447,No,11
1434704,1315,35,9358,19513,Yes,12
1794793,604,69,12145,2773,No,20
1034561,1216,39,20431,7104,No,12
1745732,646,92,18089,6322,Yes,12
1477313,160,71,22653,2083,No,20
1624205,238,34,7507,8381,No,20
1641585,1397,42,7660,2691,No,12
1080875,306,100,5630,4286,No,14
1551597,991,71,17759,2659,Yes,13
1498477,482,36,9606,9434,No,15
1507332,1176,62,3487,5561,No,14
1398672,1017,82,19368,6646,No,13
1179356,1296,30,5335,7725,No,23
1414067,397,88,6729,10725,No,15
1285109,913,48,13934,8847,Yes,11
1699009,1115,54,15174,2045,No,13
1547538,1362,32,26999,1009,Yes,11
1712154,1076,70,3164,3348,Yes,11
1715015,727,41,16900,1281,No,18
1344006,885,58,8544,2819,No,16
1136352,810,57,15678,4851,No,22
1767421,243,46,7791,4028,No,20
1196090,806,76,18959,2720,No,18
1202761,817,56,18597,8120,No,12
1288214,1410,71,16673,4647,Yes,20
1510616,1225,80,15232,4680,No,17
1824855,1207,74,3297,3221,Yes,11
1700617,1442,46,17654,8621,No,14
1589131,693,65,24785,4577,No,14
1634766,408,80,20978,4553,No,11
1248364,929,55,21703,5396,No,12
1844102,562,50,23452,6796,Yes,14
1180968,827,33,19383,7625,No,13
1705991,608,68,6009,7412,No,11
1533978,1018,39,19373,11159,No,15
1838364,703,42,11825,4960,No,12
1886378,580,48,23772,10475,Yes,21
1217160,970,59,13514,14814,No,19
1494989,427,73,8861,19141,No,15
1180556,1179,84,11924,5405,No,14
1271756,294,32,4809,8793,No,21
1786662,314,59,19562,19189,No,12
1713058,316,54,9983,3875,No,15
1879624,654,67,3872,2216,Yes,13
1530315,427,63,20335,11713,No,14
1589247,168,81,15397,7861,Yes,14
1347933,381,49,2104,3708,No,14
1031434,217,49,10225,13770,Yes,12
1699255,501,99,25275,5304,No,23
1670081,1396,99,2755,2642,No,11
1542367,933,57,20366,2759,Yes,12
1259211,775,47,23683,6804,No,18
1758544,970,96,7360,6142,No,11
1545288,650,37,4344,2500,No,14
1121259,141,44,18767,6389,No,15
1126307,832,81,20420,11103,No,11
1400061,804,86,22929,2342,Yes,20
1855799,975,55,23398,6811,No,19
1639147,1090,83,17967,2297,No,14
1446990,346,86,10919,2450,No,17
1446447,1225,61,4761,5093,No,11
1729159,430,80,21146,5309,No,15
1808474,268,92,20471,3057,Yes,13
1254029,167,32,4187,5121,No,14
1581250,621,31,10084,16856,No,11
1269152,527,63,5207,2686,Yes,13
1615430,883,32,22807,6180,No,23
1186983,954,46,12388,6632,No,13
1570791,310,79,19630,3505,No,18
1052229,719,77,10339,6397,Yes,12
1551168,304,60,18686,6274,No,22
1699666,725,78,21199,19859,Yes,13
1521095,1434,76,14229,7587,No,15
1224712,715,41,26589,4258,No,18
1238998,575,71,5288,4364,No,14
1541532,657,66,25549,4335,No,12
1152345,1146,38,3064,5326,No,17
1830116,182,72,13551,3280,No,16
1755563,376,95,22670,5485,Yes,11
1660820,829,84,24008,4342,No,19
1150067,571,82,19905,2782,Yes,13
1862559,240,75,26085,5980,Yes,12
1107380,121,86,7530,4381,No,11
1734641,384,72,20317,2572,No,16
1298935,921,38,24375,3833,No,21
1025177,791,38,9931,4244,No,24
1546242,1111,93,13305,6500,No,17
1288565,570,66,16225,18430,No,13
1572087,1243,63,3445,1601,Yes,21
1451315,1092,60,26551,2694,No,11
1755899,1325,82,21821,3149,No,20
1330421,691,64,6881,17639,No,16
1187355,805,36,6689,2319,Yes,11
1297416,213,49,25995,11691,No,11
1161558,118,69,26507,5324,No,15
1069822,202,33,12982,16752,Yes,11
1418243,676,35,23361,5228,No,15
1312456,1252,81,23779,2700,No,24
1294456,286,31,25761,19246,Yes,12
1637745,1258,40,13301,2506,No,13
1307498,932,43,4051,6062,Yes,13
1759857,890,46,16374,4382,No,17
1675215,1041,36,25527,2143,No,13
1845955,859,98,19124,6162,No,12
1178013,720,51,11983,5094,No,14
1266910,946,52,20234,6877,Yes,24
1643001,252,95,6153,2274,No,14
1804767,933,98,11806,4434,No,13
1686305,471,45,4284,6288,No,15
1375250,702,100,8306,2553,No,16
1744940,1184,43,5860,7654,No,18
1545377,436,37,21519,5160,No,16
1282527,589,94,5200,17159,No,24
1266242,269,42,8842,12808,Yes,16
1668361,950,59,18869,10221,No,21
1574775,760,81,3698,4779,Yes,20
1822365,829,88,2243,3737,No,19
1082176,887,88,20898,2366,Yes,14
1415673,443,50,16571,1706,No,11
1455518,1318,66,5594,16307,No,14
1117532,625,50,5197,5933,No,12
1450149,180,65,21632,3424,No,13
1826341,586,48,21816,4037,No,22
1276016,1343,53,17852,2559,No,11
1193450,928,56,2823,6201,Yes,14
1119237,117,73,9250,4403,No,11
1077496,1012,75,2373,3761,No,12
1689022,661,78,20715,10934,Yes,18
1580740,930,74,19239,10761,Yes,12
1214731,638,91,22162,5175,No,12
1501967,890,81,19028,13826,No,22
1659259,342,66,24558,6334,No,19
1851689,1169,63,23965,4936,No,13
1578894,1230,33,19146,4775,No,22
1147768,986,62,5044,2818,Yes,24
1341422,1271,35,9068,2515,Yes,14
1524503,1278,77,8635,2342,No,21
1643524,141,98,14363,4194,Yes,18
1330630,607,66,23457,10685,Yes,20
1050771,130,96,16612,2022,Yes,19
1864456,300,61,9148,2314,No,12
1252375,583,87,18154,4256,No,12
1127921,1418,36,10554,3580,No,16
1122784,1269,46,10778,3162,No,17
1767740,379,48,8891,6524,No,14
1740909,395,98,12102,2899,No,19
1395500,1265,95,23726,5231,Yes,13
1253827,1222,48,14871,2356,Yes,19
1329687,341,48,23522,2800,Yes,19
1221211,868,73,22789,11836,No,14
1731227,672,78,9129,10903,No,16
1716658,1231,54,21222,2973,No,15
1856275,102,72,20206,14275,No,18
1780189,422,33,21782,5562,No,13
1662886,249,35,17783,4537,Yes,22
1455944,1252,32,4814,7642,Yes,13
1597875,881,98,4544,17924,No,11
1514580,1383,42,7790,5204,No,11
1457833,1075,57,22650,2277,Yes,11
1406364,374,87,18016,2795,Yes,24
1574807,1086,62,6054,2532,No,14
1423464,661,61,7508,2559,Yes,13
1592499,821,98,24252,4908,No,14
1870106,781,57,13384,2380,Yes,14
1860698,177,55,23814,4765,No,21
1334434,500,49,22052,2044,No,13
1657594,1427,65,8870,2693,No,19
1497902,1425,68,4821,6586,Yes,17
1289682,1454,65,13137,3294,Yes,18
1185964,617,34,10022,4171,Yes,19
1179676,1085,57,17725,2778,Yes,13
1034373,995,77,9834,2377,No,18
1126499,1122,70,4303,2404,Yes,21
1334359,618,76,17808,2318,No,19
1254150,546,83,6896,2008,No,14
1206644,462,68,7824,6244,No,17
1766963,1198,100,3339,2799,Yes,11
1795081,1272,37,9255,10552,Yes,13
1213565,154,41,11737,2329,No,15
1416487,1137,51,19170,4014,Yes,25
1314640,527,51,22477,7403,No,11
1186466,1469,51,5543,2259,No,17
1749032,1188,45,24406,6932,No,13
1674536,188,65,23293,4678,No,18
1327078,1333,80,16292,13582,No,13
1738679,1184,70,3974,2332,No,20
1117151,867,36,18798,2413,Yes,18
1732657,658,67,20652,9705,No,12
1840229,1283,52,11148,4294,No,12
1179217,263,59,3119,4721,Yes,13
1612583,938,79,12287,2519,No,21
1115854,419,37,9947,2121,Yes,13
1306693,129,84,13008,2973,No,19
1142961,616,41,17369,5855,Yes,11
1578228,1469,35,25063,3617,Yes,14
1607811,498,93,13554,6725,No,12
1157826,530,51,5518,10325,Yes,11
1863388,1069,42,12291,6949,No,14
1818424,625,46,14922,10609,No,11
1707397,805,57,23163,4447,No,12
1742953,1404,84,18203,2157,No,15
1416528,1219,86,6179,4601,No,16
1376209,1053,70,13829,17099,No,15
1238813,289,51,26227,2479,No,24
1715239,1376,45,13938,14852,No,13
1688979,231,62,9977,7264,No,11
1297623,152,85,19899,5666,Yes,13
1685947,882,92,6812,7823,No,13
1785279,903,41,2560,7880,No,18
1378606,1479,100,17071,13194,Yes,16
1118201,1379,64,6759,5067,Yes,19
1866341,1229,84,25952,5079,No,13
1649317,335,46,10322,2321,Yes,22
1281310,722,38,20489,17444,No,11
1658398,906,92,11479,2404,Yes,20
1462108,461,53,17241,3452,No,18
1790357,974,91,11005,2270,No,14
1752868,1126,66,6615,17399,No,22
1324348,827,84,20161,5488,Yes,13
1576599,840,64,3735,19419,No,17
1381113,1134,37,12086,2811,No,14
1591865,248,42,14039,3633,Yes,15
1321447,955,83,8571,4163,Yes,17
1034220,138,48,11539,2132,Yes,11
1359967,939,95,4161,13973,Yes,18
1662076,1391,66,12127,2684,No,17
1555678,566,75,24208,10845,No,13
1071870,1206,41,24117,4377,No,15
1690577,622,39,10074,3743,Yes,24
1109596,853,96,11275,4148,No,12
1483743,287,73,13493,1051,No,15
1100306,1441,56,13943,10739,No,11
1667869,583,57,6975,10388,Yes,11
1079832,153,73,17802,11416,Yes,12
1236529,1097,98,18275,2600,Yes,15
1233733,109,60,25725,2422,No,17
1824641,1066,32,3334,5472,No,12
1559236,217,94,6881,2451,No,15
1362920,277,97,13119,4240,No,13
1374656,1355,78,22245,10999,No,14
1541429,549,42,23371,5003,No,14
1383639,1055,47,4658,4227,No,18
1631280,802,45,9541,3917,No,20
1212094,265,90,7770,18303,No,13
1509823,804,64,20165,2380,No,18
1297098,715,69,21829,13726,Yes,13
1664278,1141,61,14382,4777,No,15
1316661,135,62,12992,6385,Yes,14
1633200,247,55,20284,19973,No,22
1480769,1035,42,4981,6861,Yes,12
1665250,265,79,21813,4969,No,18
1476575,266,57,25846,19845,No,15
1580401,1448,53,11737,13320,Yes,18
1735028,145,95,24920,6347,No,12
1330619,885,43,8269,2743,No,16
1142212,945,82,5083,10880,Yes,13
1239925,1038,88,21437,2342,No,19
1477537,1234,90,5404,17650,No,13
1404854,1109,69,11135,4025,No,12
1401928,216,75,12278,9725,No,11
1041678,1089,66,11038,11904,Yes,14
1568634,788,36,8318,2177,No,16
1763986,124,38,23537,7525,No,12
1721556,660,81,7858,4834,No,14
1631537,342,57,15346,2042,Yes,14
1277508,1333,87,18410,2220,Yes,19
1873017,1144,74,23384,1052,No,22
1776541,1186,44,2997,2821,No,16
1545738,1464,62,12853,19237,Yes,11
1775055,124,35,13848,4107,No,15
1087619,300,74,22217,8396,No,14
1409664,921,66,25265,2007,No,13
1206462,430,40,21445,19627,No,17
1431621,1082,41,8392,10686,No,11
1045879,1240,63,12154,2942,No,19
1619652,796,51,15669,8858,No,11
1828114,444,40,17323,16756,No,15
1128254,415,79,5268,10798,No,13
1084699,769,54,17205,2323,Yes,14
1343829,1334,36,17258,1416,No,13
1603378,1003,74,21029,4615,Yes,23
1720881,1323,34,10332,2461,Yes,12
1748251,1366,72,12355,8722,No,12
1740472,192,59,11141,3955,No,16
1825779,1176,85,9096,9957,No,15
1221286,509,43,18863,3376,No,13
1595168,330,65,24608,8823,No,18
1317075,1492,61,26542,10322,No,20
1169735,1277,87,5869,4621,No,19
1818130,1091,65,15813,10976,No,18
1467266,857,59,7909,3660,No,13
1242796,1376,91,2326,10482,No,14
1116632,654,34,21214,7119,No,15
1338800,1204,86,10333,9582,Yes,22
1823713,827,54,3129,4508,No,22
1461105,895,50,22482,2207,No,16
1714672,618,45,22266,7756,No,17
1264321,309,88,24223,6694,Yes,14
1570590,1219,32,4605,3691,Yes,15
1417598,1330,37,19373,2377,No,20
1875940,1017,55,2993,2313,Yes,20
1815487,469,35,14399,17665,No,17
1364682,1009,45,7160,2596,No,15
1150498,959,81,17251,4728,Yes,14
1446684,970,30,13401,4302,No,17
1852842,697,40,22478,2979,No,17
1554886,1262,35,16154,16885,No,22
1454712,1050,65,17970,5593,No,13
1212693,994,87,15322,10445,No,19
1312769,770,73,5569,8740,Yes,14
1601148,1107,93,26968,2514,No,22
1133211,950,93,8039,7655,No,17
1856618,406,52,15596,17465,No,12
1042408,130,32,20619,7351,No,16
1789769,1082,83,11535,10820,No,11
1440393,203,84,13547,12169,No,11
1091520,1308,44,17544,19626,No,14
1818532,984,70,25326,2070,Yes,11
1292995,439,70,8770,6782,No,15
1522372,217,78,23238,7779,No,20
1308397,793,67,21981,2791,No,12
1138410,1451,67,19911,3201,No,17
1752889,1182,54,18500,4968,No,11
1425897,174,56,11879,13120,No,17
1719792,1003,95,15834,4033,No,11
1377897,490,61,17940,3291,No,14
1692477,188,56,9558,4272,No,19
1618530,718,79,17689,5056,Yes,15
1619491,433,37,6004,2844,No,13
1321732,773,39,22088,2703,Yes,14
1313694,247,80,13556,1904,No,12
1140608,603,77,18385,8224,Yes,17
1190899,167,46,9051,4766,Yes,11
1131723,874,72,6233,2610,No,12
1066655,367,52,17171,5731,No,13
1061785,199,55,7950,2539,No,13
1745568,1400,70,5829,5714,No,20
1034814,528,100,7108,4323,No,17
1778989,408,45,11162,7336,No,13
1452385,593,88,13782,13499,No,17
1513386,481,44,2447,13758,Yes,12
1812528,647,45,2253,5155,No,13
1479961,982,58,16340,2258,No,12
1446497,477,49,6409,3597,No,22
1340549,1485,79,22955,2515,Yes,11
1588632,1384,82,13421,4420,No,22
1499676,852,72,2706,6578,No,18
1849677,902,92,21203,4422,Yes,13
1209446,819,44,19588,10274,No,18
1098841,669,97,25755,5343,No,20
1871555,636,47,26537,2376,No,13
1405213,1372,85,9489,5346,No,13
1089994,862,76,14947,2827,No,12
1710657,718,92,18575,19943,No,13
1511393,1401,54,26342,3131,No,13
1542698,645,54,7172,2552,No,25
1764148,1457,83,20100,4477,Yes,19
1334983,977,56,9961,6474,No,13
1713700,805,87,12828,3033,No,12
1476340,1097,96,10826,2936,Yes,11
1795477,1223,50,18640,18606,No,18
1500784,942,69,26933,2168,Yes,18
1455048,1256,48,4223,2853,Yes,11
1123335,1402,69,24097,17048,No,23
1285566,111,74,4279,2290,No,13
1279649,147,99,8429,3600,No,13
1754610,906,95,20293,2107,No,17
1260276,1329,61,13192,4115,No,19
1313206,1184,62,25440,4327,No,12
1562759,1421,30,9490,17856,No,22
1818579,1179,78,12449,3196,No,12
1221210,1450,52,10849,19081,No,11
1285937,1361,94,21026,8966,Yes,15
1063216,984,97,3372,2210,No,13
1551282,1146,82,4905,4539,No,12
1310719,917,60,6865,2741,No,14
1544205,853,49,11309,3491,No,13
1503934,200,32,7744,4541,No,25
1531205,654,43,5050,2678,No,17
1126413,150,60,17433,7379,No,11
1170535,179,79,12858,6272,No,16
1520995,696,52,10893,5220,Yes,18
1229290,116,77,7331,2743,No,20
1034448,1316,38,2338,4998,Yes,14
1516924,363,77,4235,10252,Yes,21
1487583,117,60,6311,2781,No,13
1516360,107,84,11591,6852,No,12
1384279,1356,57,20623,4950,No,14
1658193,1465,63,9369,3579,Yes,21
1645050,458,60,23281,13191,Yes,17
1695470,1212,78,13755,10377,Yes,11
1362336,1103,42,14377,2235,Yes,14
1442702,966,53,9659,10502,No,17
1226564,1117,72,19982,2011,No,13
1245033,504,96,6148,1859,Yes,25
1856613,1010,97,5598,3760,No,15
1559788,685,85,23474,17779,No,14
1845153,1332,80,17089,6833,Yes,12
1216132,1062,96,17198,6812,No,19
1718896,326,48,16490,5171,No,17
1659741,920,96,18625,19740,No,14
1460231,1098,85,12124,18711,No,13
1276743,469,46,9256,3692,No,12
1551418,969,76,16620,2559,No,11
1409781,1167,76,3208,2517,No,11
1429070,1329,82,4204,6623,Yes,11
1149718,715,76,8733,18265,No,12
1593907,694,87,3423,16124,No,14
1346366,1320,89,21643,2585,No,17
1471840,1099,88,8751,18213,No,11
1081187,536,82,21708,8380,Yes,14
1237363,265,57,21221,2994,Yes,12
1473069,373,47,16901,1223,No,22
1322371,599,73,8040,1118,Yes,14
1574047,583,53,9973,2875,Yes,20
1588094,1449,94,2493,18824,Yes,16
1364438,177,37,25592,13577,Yes,15
1724855,251,45,25308,2625,No,20
1032289,168,33,9946,18789,No,14
1826524,131,86,6039,4538,Yes,12
1426682,237,83,19196,19847,Yes,24
1826449,1429,67,20002,10512,No,12
1319702,135,46,22534,4444,No,13
1668404,791,44,6842,2154,Yes,11
1459186,1199,92,17477,19190,No,14
1488640,648,56,21833,4490,No,11
1711208,735,66,6020,3506,Yes,14
1619962,603,78,5628,2372,Yes,16
1411176,531,56,20364,10231,No,14
1702814,429,53,2323,5410,Yes,11
1059499,621,73,14075,7978,No,11
1612685,193,52,14222,3867,Yes,12
1744003,968,40,4257,2838,No,14
1825727,879,72,12858,4695,Yes,18
1100849,806,39,17285,3339,Yes,13
1165880,640,84,4732,2080,No,11
1386101,266,40,18830,2096,No,18
1053739,604,56,11693,6209,No,15
1259785,364,83,13035,18061,No,22
1772045,412,94,17334,17123,Yes,13
1153402,848,88,26076,2372,No,12
1111156,1089,79,22845,4883,No,18
1191511,360,93,22154,3904,No,13
1391589,1138,48,23631,4627,No,12
1474475,325,63,5747,7094,No,12
1211290,991,44,22957,3423,No,12
1193428,1476,55,16392,6674,No,11
1545703,1322,43,22422,16880,Yes,11
1202936,299,57,17235,9094,Yes,12
1171299,1030,64,21534,8446,Yes,19
1277861,634,95,25927,11916,Yes,23
1622014,524,32,13352,4534,No,11
1379068,587,57,8935,9852,Yes,19
1546275,256,40,22074,6151,No,13
1288105,1060,54,8319,2302,Yes,11
1518688,935,89,14669,2362,No,12
1071499,495,37,26582,17861,Yes,13
1704652,282,58,6992,19187,No,14
1074172,206,99,4022,19717,No,14
1415953,458,74,8532,3544,No,16
1492244,943,86,5494,8500,No,11
1510065,523,98,22455,4661,No,13
1338493,1018,66,4297,4103,No,17
1451242,482,87,2690,4249,Yes,11
1265137,770,84,17588,14026,Yes,11
1465164,1009,31,19461,6893,No,15
1420569,507,66,23553,6125,No,12
1796375,882,67,9075,3669,No,11
1536328,601,53,12023,10008,Yes,14
1346672,329,88,6762,2387,No,22
1408258,607,83,2261,4639,No,16
1172129,855,54,18706,7898,No,11
1525335,1291,98,6527,2534,No,14
1138505,1405,82,24439,13142,No,16
1792003,1124,97,19305,1611,No,15
1584366,817,60,10846,5363,No,12
1224247,793,43,20392,5071,No,20
1081600,267,85,9277,13695,Yes,17
1665397,1369,68,18235,13402,Yes,12
1073438,999,92,15891,2029,No,20
1858522,1202,89,13888,6377,No,20
1528867,285,86,17491,5429,No,13
1648657,703,90,11882,2785,No,14
1805986,662,67,23288,4614,Yes,18
1272720,693,57,15748,2610,No,11
1415194,404,98,6163,6687,No,11
1176516,736,48,24232,4724,No,11
1542102,330,98,21057,6179,Yes,15
1872881,1498,44,3567,6120,Yes,12
1588882,541,52,15395,10596,No,11
1278061,1200,75,13953,5467,Yes,14
1220976,1439,54,5182,2996,Yes,15
1068192,1111,61,19293,9998,No,13
1633178,499,36,20497,4078,Yes,13
1432591,1485,71,3449,10920,No,21
1844995,1372,93,12477,6232,No,11
1162157,322,59,9731,13247,Yes,11
1084924,930,73,20003,4081,Yes,14
1229066,205,98,7100,5769,Yes,11
1526314,135,51,25681,2394,Yes,13
1339537,683,36,4050,3904,No,12
1112703,1147,31,16616,16799,No,14
1768835,258,54,17363,2950,No,13
1742081,1462,94,19106,3629,No,18
1729034,200,60,19944,9362,No,11
1141939,949,81,4910,3229,No,11
1115350,652,100,23577,3578,No,12
1218088,332,51,9769,7988,No,13
1246982,1475,97,22710,4284,No,20
1458822,337,84,22930,7553,Yes,12
1699413,971,54,5652,17328,No,19
1620973,1055,76,22456,19701,Yes,21
1793695,1136,81,12414,14732,No,13
1583611,1174,99,20763,9278,Yes,16
1792620,667,50,16154,1359,No,12
1225271,855,73,12761,4779,No,14
1703058,182,93,8847,16422,No,11
1613258,560,91,20284,2996,No,14
1611839,202,34,22262,1261,No,12
1434118,1377,91,7679,2099,No,14
1577542,172,37,22604,5810,No,16
1537620,329,98,13494,5647,No,13
1827650,465,74,10205,3420,No,12
1533398,383,68,15182,4400,No,12
1469983,1413,84,25470,3500,No,14
1272818,1255,90,10494,2066,No,22
1174986,359,82,26703,17169,No,19
1259120,1476,42,15211,4162,Yes,12
1236111,601,97,23343,9204,No,12
1625621,401,86,3708,3294,No,17
1743607,1283,90,5561,2127,Yes,12
1115072,663,81,23099,3975,No,11
1497203,326,31,8386,10793,No,18
1821156,377,52,15986,10096,No,11
1853035,592,54,17181,3646,Yes,23
1549232,1445,100,8931,7446,No,11
1211666,1038,95,19863,10851,Yes,18
1214806,1398,96,24609,2109,No,18
1355585,523,94,21081,3722,Yes,13
1341233,1448,55,14720,9380,Yes,18
1203781,1221,96,24795,5486,No,11
1234542,1107,52,3072,2742,No,15
1282478,218,55,25178,13757,No,11
1488687,866,84,23490,8463,No,18
1520049,981,90,7973,3162,No,14
1811254,447,39,19764,16598,No,12
1028391,1495,96,21534,6651,No,14
1759045,896,68,8045,2345,No,14
1613858,1467,49,21158,3420,No,13
1317016,430,54,17456,4373,No,14
1364493,1326,81,15891,4759,No,18
1477875,1358,96,2939,5301,No,15
1439547,748,74,16458,3673,No,13
1869891,383,79,9282,4768,No,12
1800991,990,64,7152,1274,No,13
1081412,405,93,2721,4900,No,24
1705514,1490,35,20948,10466,No,14
1769488,829,71,11929,17007,No,14
1678672,1496,92,15747,2909,No,15
1472943,115,51,17485,5765,No,11
1817745,790,40,7815,4599,Yes,23
1218204,660,76,16192,2404,No,13
1812838,381,89,16998,3172,Yes,11
1384737,830,78,7103,2033,No,13
1456798,1193,86,19719,10209,Yes,18
1075494,1246,77,23757,8620,No,14
1557335,330,46,15428,2064,No,21
1498617,1229,30,16143,4035,Yes,16
1732917,1099,82,8192,3838,No,11
1235079,571,78,24200,4591,Yes,17
1473545,289,38,5355,2561,No,11
1608433,1423,72,12530,1563,No,14
1768732,467,55,11827,4898,No,14
1255286,271,43,23070,4789,No,25
1476766,410,97,4668,3180,No,13
1503842,1083,96,3173,6549,No,14
1285005,516,69,22049,6388,Yes,17
1700420,495,64,21072,11244,No,25
1787068,1050,87,24456,16032,No,20
1512296,224,100,7568,2362,No,13
1225168,136,32,22074,16328,No,13
1185178,1089,32,9150,8376,No,18
1791733,228,51,11380,16606,No,12
1445455,1029,91,21195,8606,No,19
1225098,507,97,24812,2272,No,14
1161882,676,86,21831,2018,No,14
1130650,971,64,12288,7083,Yes,14
1827679,561,33,4156,4084,No,12
1385384,333,88,24450,14411,Yes,13
1489531,1440,55,4944,2308,Yes,25
1879823,1210,68,24052,4841,No,14
1072437,674,47,3031,4285,No,17
1685917,441,39,7288,9715,No,13
1144941,575,44,24152,4320,No,13
1520707,950,97,4585,2132,No,20
1655596,288,40,18611,10124,Yes,14
1582511,1342,47,19345,5473,No,12
1040101,589,79,22949,5207,Yes,12
1795482,898,38,17381,16437,Yes,21
1487869,350,57,10036,2296,No,14
1757748,1142,72,8841,4069,Yes,18
1044155,538,66,20933,7441,No,12
1751058,1402,98,26204,2430,No,23
1800789,824,67,15624,5878,No,12
1258148,1157,70,17001,2644,Yes,21
1120429,492,96,13693,6439,No,14
1604996,598,91,22376,2451,No,18
1152504,1242,46,10589,6392,No,13
1093589,740,64,5323,9714,No,11
1152723,888,71,14814,6077,No,11
1561423,992,68,21731,2450,No,19
1603233,1288,33,17799,9250,No,12
1286513,104,69,26619,2074,Yes,12
1313838,607,78,14618,10169,No,16
1819647,903,81,7653,4855,No,11
1316836,1200,62,25174,4087,No,14
1595159,1108,65,16530,2367,No,12
1679356,479,35,22061,2972,No,13
1729981,685,60,23037,19586,No,21
1597323,1351,45,13008,5484,No,17
1765716,474,89,11133,2061,No,21
1573518,1245,80,12355,9924,No,11
1755222,437,90,16379,4198,No,12
1689960,884,73,21447,6815,No,13
1321308,1370,87,16213,4723,Yes,18
1261502,670,51,4223,6142,Yes,16
1041532,1462,38,4658,8237,No,11
1828789,995,87,24483,8853,No,19
1638427,264,59,19519,19331,Yes,16
1788553,977,45,12826,2073,No,16
1599847,1302,80,19711,5562,Yes,13
1856176,1059,93,26362,19613,No,22
1106946,750,46,25348,3407,No,17
1866800,653,92,15332,5063,No,14
1492385,118,84,11262,4639,No,15
1463621,990,87,5855,4876,No,12
1562191,1349,63,7713,2690,No,18
1801915,563,56,3156,17567,No,15
1064286,329,51,7324,2408,Yes,17
1494533,457,85,10293,2814,Yes,14
1618456,1234,41,20689,11245,Yes,15
1072876,634,35,18783,3312,No,17
1393835,1313,31,3549,19049,Yes,14
1466602,241,48,5348,2141,No,12
1135463,1015,50,23447,5769,Yes,14
1792202,336,52,24162,4385,No,15
1428612,715,54,21602,5332,No,13
1831818,559,76,12421,4663,Yes,12
1624104,426,42,17000,4724,No,13
1594457,722,84,22102,3211,No,14
1871083,1387,76,3835,5377,No,13
1448152,1302,67,16290,4066,No,11
1577752,819,48,26312,5208,No,11
1475967,580,39,20460,4877,No,21
1797790,546,97,26009,3117,No,18
1741354,544,70,18420,1569,Yes,12
1665873,1176,98,5220,19658,No,11
1604086,170,76,10302,3069,No,15
1687357,884,80,25800,10435,No,13
1645854,208,52,12250,4148,No,12
1693873,671,85,26493,5768,No,17
1032199,711,81,3140,5042,No,13
1646893,1329,59,5388,5770,No,19
1641732,397,54,14199,7756,Yes,19
1626748,737,55,21530,10306,No,17
1552731,1470,71,9953,3936,No,11
1294986,448,84,19948,7945,Yes,15
1219188,602,37,10503,5743,Yes,11
1533221,365,89,5602,15202,No,25
1107055,763,59,22098,5440,Yes,14
1644021,567,32,17218,3760,Yes,13
1236753,486,86,22490,3517,No,17
1731640,591,87,6297,2580,No,13
1883424,1329,73,3339,2166,Yes,14
1202416,469,42,23413,5869,No,11
1088912,711,42,22792,8008,No,12
1605956,772,77,4973,5206,No,17
1505937,492,66,7693,5295,No,21
1399370,301,72,3498,16413,No,16
1761884,813,50,21981,13269,No,15
1769167,1141,31,13251,2783,No,19
1547090,1130,66,19332,5433,No,12
1246015,311,77,10950,2013,No,11
1254079,465,41,11652,13966,Yes,19
1860095,894,33,15411,4374,No,15
1602610,1040,79,26308,6842,No,20
1364047,584,91,18685,17426,No,25
1872403,1291,65,3525,17603,No,24
1705436,880,36,10414,4581,Yes,24
1607161,1189,90,9867,4735,No,15
1706059,991,43,3356,4187,Yes,13
1574111,392,93,3921,5505,No,14
1200755,977,45,25518,5470,No,13
1068460,1112,67,22589,5476,No,11
1796122,464,74,24941,2587,Yes,16
1728347,148,42,23826,2440,No,22
1817017,1225,47,21086,15972,No,14
1400072,809,36,22384,15379,No,14
1349913,1206,80,11591,7082,Yes,16
1119867,727,54,21082,2728,No,11
1060815,530,36,16130,5368,Yes,25
1097742,1351,80,7419,5347,No,14
1711206,528,44,4167,3195,Yes,18
1082389,1320,93,20586,3989,Yes,11
1588527,1495,87,26176,3306,No,19
1590426,1395,48,3458,7005,No,15
1425001,708,95,11740,2655,Yes,11
1609527,1259,95,24852,1393,No,12
1366639,786,76,11925,2570,No,20
1270535,1441,94,23737,3537,No,12
1826482,1157,57,11912,3986,No,14
1718662,370,92,20467,10883,No,20
1248055,267,79,13637,2028,No,18
1430170,1278,31,7677,9525,No,14
1830378,678,35,20338,2929,No,12
1810874,427,99,25103,2275,Yes,21
1287552,921,96,14810,7879,Yes,19
1432173,146,79,13970,4930,Yes,14
1499458,1179,73,6069,7847,Yes,17
1622897,581,62,17616,4401,No,16
1374267,918,35,15869,9241,No,12
1125172,1082,43,25412,2974,No,17
1569964,530,51,7439,4502,No,15
1689576,1238,74,3395,10748,No,23
1297488,240,58,11585,1555,No,11
1675357,1093,82,24164,12936,No,11
1704363,390,62,6217,2305,No,15
1554897,1005,48,17119,16704,No,11
1430466,585,56,17360,3433,No,13
1205920,741,69,18103,3477,No,14
1702718,552,60,20794,6430,No,19
1417199,369,92,5041,6516,Yes,16
1078051,506,91,3622,3907,No,13
1146326,717,34,9697,5562,No,14
1044017,1370,49,5151,6883,No,16
1294406,793,33,3811,2862,No,12
1280706,543,87,3536,4978,No,11
1488805,1277,74,5596,10368,Yes,12
1315940,1456,96,8658,6134,Yes,13
1878824,964,34,12147,6735,No,15
1658260,160,51,12862,3295,No,13
1246363,163,30,6670,5238,No,20
1360469,792,77,8989,6472,Yes,15
1412303,371,80,3840,9610,No,13
1360714,611,88,4349,19833,No,14
1383815,176,56,6595,9756,No,21
1620383,1312,78,26427,4968,No,16
1377529,897,59,2097,2145,No,14
1828538,600,66,9732,2180,No,11
1692811,1003,51,20943,8346,No,19
1030937,1054,67,6152,3445,No,11
1838448,428,52,14630,2760,No,13
1176037,461,70,23060,6294,Yes,12
1764157,979,94,3088,7140,No,11
1483732,181,97,5586,2932,Yes,14
1059340,1283,62,10697,5147,No,15
1260966,1313,80,8191,4507,No,12
1196870,211,74,10092,8564,Yes,20
1434954,594,75,15963,2468,No,14
1872248,1079,70,19002,8161,No,13
1498457,590,91,10007,2109,No,13
1322097,305,58,9128,5294,No,16
1400783,953,65,17674,2718,No,14
1511863,833,60,24539,5811,Yes,16
1581569,807,38,15587,2437,Yes,16
1628396,855,57,8952,2766,No,22
1715321,478,60,19805,19038,No,12
1541808,775,90,6194,3055,No,15
1479918,548,94,20520,2289,No,20
1404955,1375,87,12313,4001,Yes,14
1473417,661,60,22308,12965,Yes,20
1778124,244,97,5033,3539,No,13
1143717,511,32,25353,6029,No,12
1193818,337,31,4567,2679,No,13
1795187,1153,40,16376,3702,No,11
1241701,1294,79,15999,2398,Yes,17
1729178,196,91,13402,5468,No,14
1612699,942,53,22984,13116,No,11
1880660,589,46,8800,4189,No,14
1275366,734,46,14218,19328,Yes,17
1377582,1383,90,25949,8321,Yes,13
1590795,429,99,11092,2342,Yes,12
1554560,1239,89,12832,4071,No,13
1563500,303,84,13492,5813,Yes,18
1287606,867,90,6076,3143,No,19
1395052,1181,82,5531,2044,No,11
1692699,1253,65,7914,13464,No,21
1691971,849,98,25166,7991,No,15
1048578,616,99,25605,3377,No,17
1874111,1128,95,5696,5538,No,18
1083173,1180,90,24442,5762,No,14
1819347,1336,100,7129,2592,No,13
1645963,234,93,6208,5346,No,17
1174838,370,58,4992,4213,No,15
1751502,766,83,19188,4127,No,18
1117560,343,52,24978,2438,No,13
1206981,447,85,15530,6870,No,12
1711876,796,81,26458,10447,Yes,13
1366196,1092,64,2739,9667,No,14
1347924,920,69,6889,2148,Yes,11
1140520,261,66,10842,8926,No,22
1187455,1194,52,9060,6513,No,17
1645498,810,92,22128,6799,No,21
1382530,350,52,22577,16291,No,22
1682292,185,91,9696,2705,No,16
1602874,1001,92,19271,10333,Yes,12
1154770,750,47,10748,4448,No,12
1051875,431,68,15696,6854,No,15
1834180,1125,68,8277,9637,No,14
1564192,1217,67,12719,3591,No,25
1802154,723,77,4244,5405,Yes,20
1207662,572,46,9125,4684,No,13
1072716,1216,87,21624,15787,Yes,14
1086016,1431,33,8018,1514,No,16
1552861,359,89,21495,2956,No,17
1235468,350,56,3157,2335,Yes,15
1281331,589,67,19665,5154,No,22
1220488,430,73,19573,6962,Yes,22
1113271,1422,92,19246,5675,No,20
1152978,1297,53,19826,2379,Yes,14
1871070,574,40,7003,3812,No,13
1687721,1318,79,26075,4648,No,13
1031664,355,38,6161,2936,No,22
1402268,207,64,5411,2105,No,12
1601963,706,82,19989,8578,No,14
1777794,280,43,10494,2706,No,15
1510809,726,93,21143,6384,No,17
1676403,1142,81,13624,3968,No,13
1458226,414,82,26186,9907,Yes,12
1442296,1319,45,7739,13225,No,12
1469297,728,36,7018,3540,No,21
1701157,352,87,15434,2804,No,11
1141899,823,81,22539,19392,No,13
1866815,1224,91,13583,19665,No,12
1329673,459,73,14753,2439,Yes,24
1775838,1254,64,14011,7314,No,21
1575047,1131,77,23844,4774,No,19
1049997,835,41,5141,3902,No,14
1766213,836,98,7975,2662,No,20
1544113,1172,78,3692,2856,No,19
1609966,945,89,16019,1081,No,13
1242148,391,75,26092,2472,Yes,23
1494882,1266,63,6060,5673,Yes,13
1450163,311,89,18624,4197,No,11
1104040,1480,64,24444,9713,Yes,13
1879233,592,59,19384,2062,No,14
1878518,783,78,13588,4284,Yes,22
1694441,219,44,25388,4788,Yes,11
1608760,556,93,23888,5906,No,13
1357691,1213,94,4223,3886,No,21
1551391,1137,98,18991,16823,No,11
1419575,482,90,14908,2933,Yes,13
1620257,117,58,2437,17174,No,11
1662166,170,78,9364,5033,No,15
1738269,967,85,14460,2307,Yes,23
1557030,1162,97,10261,2587,No,16
1153641,335,33,16822,5507,No,16
1448030,337,54,26841,4393,No,21
1804573,1396,83,14842,13348,No,13
1058985,1079,86,20115,6583,Yes,11
1674974,735,75,16495,8103,Yes,12
1408618,471,62,16031,3978,No,12
1670932,1096,61,7102,2544,No,18
1808720,1297,44,14511,5399,No,12
1228157,217,43,10410,5487,No,14
1355281,783,42,19255,6834,Yes,12
1745305,746,45,10642,1091,No,17
1048077,1251,32,3987,5736,No,19
1616851,1354,41,6073,2226,No,11
1700476,735,86,26496,5747,Yes,15
1603368,1475,84,23352,9854,Yes,11
1775902,1169,64,2125,5467,No,18
1871585,1443,89,20328,5380,No,16
1606461,867,87,12315,5151,No,25
1236472,1394,58,18115,2133,Yes,16
1058946,605,72,11761,17875,Yes,13
1683886,238,47,15318,2432,Yes,14
1211751,1206,71,14293,4771,No,19
1445440,1064,42,13738,19161,No,15
1654667,419,77,2900,5087,Yes,12
1265759,1337,58,19555,2863,No,12
1842922,682,71,15975,5561,No,16
1884938,1103,49,2122,2144,No,14
1252735,976,48,3995,3065,Yes,13
1201616,1351,66,9238,2810,No,22
1050457,937,32,6770,9888,No,21
1637651,1239,39,22914,8628,No,18
1079566,157,95,20006,2867,No,13
1332348,136,89,6225,5373,No,12
1051695,1146,34,16542,6667,No,18
1154444,1125,48,5771,5003,No,21
1650983,1404,32,18779,2367,No,12
1130703,1404,59,11473,2858,No,14
1817679,1224,55,13586,5204,Yes,11
1092771,954,44,5099,4105,No,14
1356134,1373,56,10138,9679,No,24
1370524,754,63,21075,5617,Yes,11
1232169,1168,66,5843,10448,Yes,13
1392392,155,67,22474,2897,No,11
1309342,1303,36,18079,5968,No,20
1531422,574,30,16873,7510,No,17
1126582,1444,88,5224,2991,Yes,11
1316742,189,71,25811,19636,Yes,18
1789942,1276,59,17536,1129,Yes,11
1583381,119,77,25098,13341,No,12
1275198,335,37,14811,4332,No,12
1378502,697,40,26862,11031,No,20
1553116,157,77,25198,4440,Yes,19
1150538,771,45,14120,4617,No,12
1553133,571,78,13672,2647,No,13
1113801,692,73,26849,6323,No,11
1365691,444,92,4258,5677,No,14
1825860,309,82,19655,2187,No,14
1820725,911,76,4077,3748,No,13
1515102,977,57,7298,3977,Yes,19
1811717,1180,84,13084,8633,No,23
1863212,1313,59,20439,2008,No,12
1677775,1321,86,7636,4440,No,15
1593793,1154,54,6393,3067,No,19
1373830,508,72,14284,5321,No,11
1125914,557,35,11189,5410,Yes,17
1519296,642,76,21412,2782,No,22
1491934,1162,98,17231,11957,No,18
1181842,1490,43,20232,2660,Yes,11
1221662,581,63,17624,3375,No,12
1725778,1395,48,18698,5098,No,19
1301790,501,95,21653,4878,Yes,13
1399338,267,49,15919,2837,No,13
1789008,543,83,4060,2406,No,19
1190766,234,68,18024,2269,No,14
1491312,116,52,5340,4108,No,13
1708743,201,99,3376,13206,No,12
1435710,801,48,24032,10422,No,19
1332625,161,42,15471,13744,Yes,25
1818407,1382,85,13684,4907,Yes,22
1251101,585,40,19788,3482,No,15
1433529,1037,42,13422,2436,Yes,12
1859445,501,58,25479,2380,Yes,11
1104512,105,87,15302,19431,No,13
1782969,638,33,26956,1790,No,19
1628827,557,94,12695,7644,No,19
1224144,688,97,9192,5131,No,13
1284416,667,57,26236,6306,No,21
1191013,1092,36,26124,4787,Yes,14
1061493,300,56,17312,18880,No,11
1197297,310,72,3666,2339,No,11
1065630,582,60,5640,13570,No,23
1173552,704,95,8978,6712,No,21
1277240,301,88,10436,5406,No,24
1520108,930,57,12227,8938,No,11
1707431,529,78,11288,2439,No,14
1246075,1146,31,16642,8837,Yes,16
1665956,345,100,5982,5343,No,11
1468963,878,94,14255,6728,No,12
1457695,1120,100,14369,6652,No,13
1043685,374,50,23333,4850,No,15
1336668,1322,52,2725,2809,No,14
1044917,1199,80,24594,5689,Yes,14
1758264,1194,98,12549,2001,No,14
1175359,287,62,8952,2977,No,12
1640979,1378,46,23679,4025,Yes,13
1321040,468,73,8489,3785,No,14
1293237,410,39,16586,10854,Yes,13
1715801,722,60,8828,12031,No,11
1626443,325,74,3787,9936,No,19
1787925,1167,30,21378,2966,No,18
1444959,884,41,12290,2571,No,17
1196529,613,42,21457,9991,No,15
1417927,155,87,5174,6142,Yes,20
1322645,1023,63,13243,5390,No,14
1879510,628,82,10228,4404,No,12
1345828,1115,51,2689,5993,No,18
1837461,1398,79,13022,18041,No,14
1720201,1329,59,5388,5770,No,19
1566303,466,65,7060,12742,No,16
1108233,667,57,26236,6306,No,21
1548714,1490,35,20948,10466,No,14
1823206,711,42,22792,8008,No,12
1464646,1189,90,9867,4735,No,15
1118938,607,78,14618,10169,No,16
1266767,1229,84,25952,5079,No,13
1432515,791,38,9931,4244,No,24
1440199,1206,41,24117,4377,No,15
1449468,314,59,19562,19189,No,12
1308741,1018,39,19373,11159,No,15
1117655,685,85,23474,17779,No,14
1439166,444,92,4258,5677,No,14
1141471,1291,65,3525,17603,No,24
1731320,819,44,19588,10274,No,18
1697463,1272,37,9255,10552,Yes,13
1540491,1200,62,25174,4087,No,14
1034607,608,68,6009,7412,No,11
1123123,1329,82,4204,6623,Yes,11
1380232,1225,47,21086,15972,No,14
1345928,1099,88,8751,18213,No,11
1165218,715,41,26589,4258,No,18
1194754,930,57,12227,8938,No,11
1162618,1397,42,7660,2691,No,12
1661522,1218,52,8213,19197,Yes,14
1469038,933,98,11806,4434,No,13
1026975,854,68,24118,19517,No,11
1267061,1144,30,16044,5258,No,14
1184336,192,69,9655,2654,No,21
1852420,1112,67,22589,5476,No,11
1622092,1389,51,10195,9980,No,11
1870096,645,49,19566,8392,No,16
1288694,345,100,5982,5343,No,11
1354174,1219,78,22021,15427,No,16
1121812,1182,54,18500,4968,No,11
1688790,465,41,11652,13966,Yes,19
1847082,369,92,5041,6516,Yes,16
1137940,1319,45,7739,13225,No,12
1531743,1055,76,22456,19701,Yes,21
1156488,365,89,5602,15202,No,25
1578755,1010,97,5598,3760,No,15
1333885,655,48,9528,5915,No,22
1258908,1186,44,2997,2821,No,16
1245218,136,89,6225,5373,No,12
1730370,188,65,23293,4678,No,18
1577435,469,35,14399,17665,No,17
1151756,810,57,15678,4851,No,22
1045493,715,76,8733,18265,No,12
1570909,508,72,14284,5321,No,11
1509347,1473,74,2227,4522,Yes,14
1217582,1070,45,21016,17584,Yes,16
1110329,821,86,8509,19406,No,11
1044146,1180,84,13084,8633,No,23
1865209,480,31,4156,4306,No,12
1548274,1309,83,16092,2904,No,12
1268816,1202,89,13888,6377,No,20
1084927,801,48,24032,10422,No,19
1496230,933,57,20156,5296,No,17
1872979,280,43,10494,2706,No,15
1123429,232,34,22645,4262,No,12
1563219,581,63,17624,3375,No,12
1252790,674,47,3031,4285,No,17
1720230,1034,80,7744,16064,Yes,22
1028734,505,64,6420,10938,No,25
1365509,1141,42,3193,5376,No,19
1825987,121,86,7530,4381,No,11
1269351,443,48,17872,3755,No,11
1495147,1154,54,6393,3067,No,19
1209865,163,37,19658,4051,No,14
1138945,102,72,20206,14275,No,18
1310619,120,43,8863,4221,No,15
1225300,1195,65,20462,16792,No,23
1885928,718,79,17689,5056,Yes,15
1213922,704,95,8978,6712,No,21
1211512,269,42,8842,12808,Yes,16
1159699,201,84,10415,3204,No,14
1677368,678,35,20338,2929,No,12
1030882,670,31,15170,2911,No,17
1597825,829,84,24008,4342,No,19
1822734,437,90,16379,4198,No,12
1237678,1410,71,16673,4647,Yes,20
1178700,444,40,17323,16756,No,15
1854050,319,39,19609,7969,Yes,14
1833939,1029,91,21195,8606,No,19
1822695,346,86,10919,2450,No,17
1252779,559,82,6227,5257,No,11
1831971,1420,85,16346,3041,No,11
1473219,594,75,15963,2468,No,14
1178469,607,83,2261,4639,No,16
1075883,1125,94,11563,9071,Yes,19
1853111,684,51,6462,19537,No,13
1455592,954,44,5099,4105,No,14
1440762,1138,48,23631,4627,No,12
1581448,821,98,24252,4908,No,14
1085909,884,41,12290,2571,No,17
1213892,1188,45,24406,6932,No,13
1461811,342,66,24558,6334,No,19
1501908,1276,72,14295,7632,Yes,12
1065186,1098,85,12124,18711,No,13
1382014,722,84,22102,3211,No,14
1850673,748,74,16458,3673,No,13
1239516,1332,80,17089,6833,Yes,12
1290256,1427,35,11162,2720,No,13
1239491,619,85,18659,4717,No,11
1822238,857,59,7909,3660,No,13
1220579,360,93,22154,3904,No,13
1143606,817,56,18597,8120,No,12
1200749,401,86,3708,3294,No,17
1633070,282,58,6992,19187,No,14
1066528,1336,100,7129,2592,No,13
1157111,309,88,24223,6694,Yes,14
1792052,665,60,22673,2340,No,19
1676128,727,41,16900,1281,No,18
1148181,1146,82,4905,4539,No,12
1844032,530,51,7439,4502,No,15
1146009,977,45,12826,2073,No,16
1090887,1005,79,11864,3068,No,13
1709085,884,73,21447,6815,No,13
1767733,288,40,18611,10124,Yes,14
1790839,135,62,12992,6385,Yes,14
1629597,735,66,6020,3506,Yes,14
1209768,692,73,26849,6323,No,11
1037474,1366,72,12355,8722,No,12
1110876,504,61,22573,10048,No,11
1302685,898,38,17381,16437,Yes,21
1638565,440,42,6672,2713,No,11
1075989,1476,55,16392,6674,No,11
1440066,1082,43,25412,2974,No,17
1432464,566,81,7122,3688,No,18
1051013,1017,82,19368,6646,No,13
1800484,1474,97,9260,2093,No,17
1553672,666,88,10268,11849,Yes,12
1619511,1222,48,14871,2356,Yes,19
1575266,991,44,22957,3423,No,12
1087770,930,74,19239,10761,Yes,12
1456073,1180,70,11354,6673,Yes,19
1637476,1107,52,3072,2742,No,15
1475807,526,92,2137,10453,No,25
1085062,556,50,15497,5916,Yes,13
1640372,585,56,17360,3433,No,13
1309511,1302,80,19711,5562,Yes,13
1220459,636,35,25594,18665,Yes,11
1048015,311,77,10950,2013,No,11
1659102,957,72,16090,4739,No,12
1857447,1277,87,5869,4621,No,19
1586182,585,40,19788,3482,No,15
1585668,601,53,12023,10008,Yes,14
1522053,661,78,20715,10934,Yes,18
1685220,1456,96,8658,6134,Yes,13
1249536,583,87,18154,4256,No,12
1104176,1283,54,18168,2201,No,16
1602545,1240,33,19715,2341,No,13
1433107,1423,72,12530,1563,No,14
1232119,691,57,5970,2024,No,18
1876599,144,39,11866,8268,Yes,14
1389456,897,59,2097,2145,No,14
1197555,364,32,2302,4317,Yes,20
1285943,1207,74,3297,3221,Yes,11
1108108,574,40,7003,3812,No,13
1215433,622,40,26376,2096,No,11
1565509,1109,69,11135,4025,No,12
1845170,535,38,5530,2400,No,13
1188199,118,69,26507,5324,No,15
1548215,290,65,22977,3564,Yes,12
1698428,975,55,23398,6811,No,19
1389834,383,79,9282,4768,No,12
1533883,723,77,4244,5405,Yes,20
1746047,318,79,21777,3388,Yes,17
1431094,583,53,9973,2875,Yes,20
1173245,444,84,3909,2789,No,11
1309082,352,87,15434,2804,No,11
1545418,144,46,19225,4230,No,15
1655170,217,49,10225,13770,Yes,12
1293281,500,49,22052,2044,No,13
1031059,916,82,23016,6545,Yes,13
1505419,410,39,16586,10854,Yes,13
1222421,371,80,3840,9610,No,13
1620322,1330,37,19373,2377,No,20
1474227,383,68,15182,4400,No,12
1101293,381,49,2104,3708,No,14
1327800,204,31,2912,2579,Yes,18
1162185,773,39,22088,2703,Yes,14
1168729,303,47,9241,1102,No,22
1544044,754,63,21075,5617,Yes,11
1114030,1252,32,4814,7642,Yes,13
1751929,1256,48,4223,2853,Yes,11
1267282,202,34,22262,1261,No,12
1855095,1297,53,19826,2379,Yes,14
1837772,1443,47,21436,4157,Yes,19
1704323,341,48,23522,2800,Yes,19
1622091,265,79,21813,4969,No,18
1734708,1060,54,8319,2302,Yes,11
1747750,942,69,26933,2168,Yes,18
1341748,426,58,22808,2741,Yes,11
1415325,1243,63,3445,1601,Yes,21
1663404,790,40,7815,4599,Yes,23
1549806,251,45,25308,2625,No,20
1874133,1276,59,17536,1129,Yes,11
1175959,329,51,7324,2408,Yes,17
1655666,871,66,19783,2926,Yes,18
1602218,1017,55,2993,2313,Yes,20
1336016,654,67,3872,2216,Yes,13
1117656,471,66,23213,2340,Yes,18
1152327,1125,94,11563,9071,Yes,19
1812428,959,83,11757,2836,No,13
1812429,466,65,7060,12742,No,16
1152329,511,89,26997,6500,No,14
